cancion,artista,,
Amor Sin Confianza,Aaron Y Su Grupo Ilusion,,
Amor Sin Primavera,Los Yaguaru,,
Cuerpo Cobarde,Los 50 De Joselito,,
Cumbia Campanera,Celso Pina,,
Cumbia Cienaguera,Los Dinamiteros de Colombia,,
Cumbia Del Caribe,Orquesta De Edmundo Arias,,
Cumbia del Puerto,Conjunto Los Rumberos,,
Cumbia Sabrosa,Climaco Sarmiento Y Su Orquesta,,
Cumbia Sampuesana,Super Orquesta Cartagena,,
Cumbia Sobre el Mar,Los Caciques del Valle,,
Cumbia y Sol,Andres Landero,,
El Borracho,Jimmy Y Su Combo Negro,,
El Chuponcito,Sonora Tropicana,,
El Diario De Un Borracho,Aniceto Molina,,
El Hombre Que Yo Amo,Sonora Tropicana,,
El Pescador De Baru,Los Warahuaco,,
En Silencio Te Amare,El Combo De Las Estrellas,,
Enamorando (sin Querer Queriendo),Los Warahuaco,,
Ese Muerto No Lo Cargo Yo,Gustavo Quintero,,
Esta Noche Es Mia,Alfredo Gutierrez,,
Festival Vallenato,Nelson Henriquez,,
Golpe Con Golpe,Pastor Lopez,,
He Nacido Para Amarte,Los Warahuaco,,
La Candela Viva,Jorge Celedón,,
La Carta Numero Tres,Alfredo Gutierrez,,
La Colegiala,Rodolfo y su Típica RA7,,
La Negra Caderona,Aniceto Molina,,
La Subienda,Gabriel Romero,,
La vendetta,Sonora Everest,,
La Zenaida,Armando Hernandez,,
Londres,Nelson Y Sus Estrellas,,
Luz De Cumbia,Anibal Velasquez Y Su Conjunto,,
Me Importa un Carajo,Gabriel Romero Y Su Orquesta,,
Mentirosa (Eres Mentirosa),Chicos de Barrio,,
Mi Cumbia,Anibal Velasquez Y Su Conjunto,,
Mi Cumbia Colombiana,Rayito Colombiano,,
Mi morena,La Sonora Cordobesa,,
Micaela,Lisandro Meza,,
Mil Horas,La Sonora Dinamita,,
Mosaico Bailador (Con La Pata Pela/La Totuma),Los 50 De Joselito,,
Muchachita Consentida,Rayito Colombiano,,
Oasis De Amor,Simba Musical,,
Ojos Hechiceros,Afrosound,,
Ponchito de Colores,Afrosound,,
Que Nadie Sepa Mi Sufrir,La Sonora Dinamita,,
Que Tristeza Me Da,Antonio Rivas,,
Reina De Cumbias,Armando Hernandez,,
Tabaco Y Ron,Rodolfo y su Típica RA7,,
Tan Solo Mi Amor,Efrén David Rivera,,
Tarjetita de Invitacion,Luis Ornelas y su Grupo,,
Te Llevaré,Lisandro Meza Y Su Conjunto,,
Voy a pintar un corazón,Los Acosta,,
Rumba Cha Cha,Grupo Kual?,,
Cocodrilo,La More,,
Todo Me Gusta De Ti,Aaron Y Su Grupo Ilusion,,
Echarme Al Olvido,Grupo Cañaveral De Humberto Pabón,,
Llorar,Los Socios Del Ritmo,,
Tu Traición,Grupo Bryndis,,
Amor En Llamas,Roberto Moron Y Su Atentado Internacional,,
Cumbia en la Playa,Grupo Kual?,,
Como Una Novela,Los Acosta,,
Ámame,Los Llayras,,
Yo Soy Tu Maestro,Los Telez,,
Mix Juguito De Pina,Simba Musical,,
Los Caminos De La Vida,La Tropa Vallenata,,
Él Soy Yo,Samuray,,
El Listón De Tu Pelo,Los Angeles Azules,,
Tú Me Quieres Lastimar,Ladron,,
Un Sueño,Los Angeles De Charly,,
Loco Loquito,Grupo Sonador,,
Cómo Te Voy A Olvidar,Los Angeles Azules,,
Pobre Corazon (Radio Mix),Chucho Ponce Los Daddys de Chinantla,,
Tiene Espinas El Rosal,Grupo Cañaveral De Humberto Pabón,,
Piensa En Mí,Grupo Mojado,,
Me Vas A Recordar,Los Angeles De Charly,,
Mis Sentimientos,Los Angeles Azules,,
Destilando Amor,Aaron Y Su Grupo Ilusion,,
Mi Niña Mujer,Los Angeles Azules,,
Tu Me Cambiaste la Vida,La Revancha,,
Que Bello,Sonora Tropicana,,
Me Volví A Acordar De Ti,Los Angeles De Charly,,
Guaracha Sabrosona,Alberto Pedraza,,
Abandonado,Los Acaboy's,,
Mira oye,Los Tigrillos,,
Te Amo,Los Mier,,
Rumba Frenesi,Grupo Kual?,,
Amor Regresa,Los Askis,,
Cosas del Amor,Grupo Pegasso,,
La Inconforme,Grupo G,,
El Gigante de Hierro,Grupo Sonador,,
Doy La Vida Por Un Beso,Grupo Bryndis,,
Las Mujeres No Se Acaban,Grupo Kual?,,
El Verde De Tus Ojos,Los Yes Yes,,
Vida No Te Vayas,Los Yaguaru,,
No Te Voy A Perdonar,Grupo Cañaveral De Humberto Pabón,,
You Want Me,Tom Zanetti,,
Would I Lie to You,John Gibbons,,
Daylight - Radio Edit,Disciples,,
Yebisah,Mark Knight,,
Runnin',Low Steppa,,
Be Here,Duke Dumont,,
Freak Like Me (feat. Katy B & MNEK) - Radio Edit,Lee Walker,,
The Girl Is Mine featuring Destiny's Child & Brandy - Club Mix,99 Souls,,
P.Y.T. (Pretty Young Thing),Eden Prince,,
I Wanna Feel - Radio Edit,Secondcity,,
Gecko (Overdrive) - Radio Edit,Oliver Heldens,,
Just Say,KDA,,
All Four Walls,Gorgon City,,
I Loved You (feat. Melissa Steel),Blonde,,
What I Might Do - Radio Edit,Ben Pearce,,
Desire - Gryffin Remix,Years & Years,,
Crank It (Woah!) - Radio Edit,Kideko,,
Could You Love Me? - Radio Edit,Black Saint,,
Rhymes,Hannah Wants,,
Up and Down,Kattison,,
You Got Me Baby,Lushington,,
The Giver (Reprise) - Reprise,Duke Dumont,,
Rinse & Repeat - Radio Edit,Riton,,
Bahp - Radio Edit,Metroplane,,
Restless,Hot Since 82,,
Au Seve,Julio Bashmore,,
Slave To The Vibe - Radio Edit,Billon,,
Turn Back Time (Retrospect) - Radio Edit,Kokiri,,
Fever (feat. FERAL is KINKY),Endor,,
Sort It Out Sharon,Dusky,,
Never Letting Go - David Zowie Remix,Zac Samuel,,
The Jam,Kideko,,
House Work,Jax Jones,,
Pony (Jump On It) - Radio Mix,Tough Love,,
All Night,Ryan Blyth,,
Ride This Train (feat. Aniff Akinola),Icarus,,
Games,TCTS,,
Everything You Never Had (We Had It All) [feat. Andreya Triana],Breach,,
Inside Of Me - Radio Edit,My Digital Enemy,,
Later,Example,,
The Renegade,Friend Within,,
BOSS - Radio Edit,Disclosure,,
False Alarm - KC Lights Remix,Matoma,,
What I Need - Original Mix,DJ Cameo,,
Do You,Shadow Child,,
Just Be Good To Me - Rare Candy Remix,Ku De Ta,,
Feel Good (It's Alright) [feat. Karen Harding] - Ferdinand Weber, Fabich Remix,,
Come Down,Chris Lorenzo,,
Joy & Pain - Radio Edit,Apexape,,
Eva,Punctual,,
Front Line,Tuff London,,
Inside the Lines,Mike Perry,,
Wake Up Where You Are,State of Sound,,
Solo Dance,Martin Jensen,,
Come Closer,KLYMVX,,
Revolution,EC Twins,,
L.I.F.E.,Remady,,
Our Way,Ftampa,,
Capsize,FRENSHIP,,
What Is Love 2016,Lost Frequencies,,
Somewhere New - Radio Edit,Klingande,,
Cold Ain't For Me,Oceans,,
Be Like You,CVBZ,,
Say You Won't Let Go - Luca Schreiner Remix,James Arthur,,
Call On Me - Ryan Riback Remix,Starley,,
No Diggity,Campsite Dream,,
Let Me Love You,SJUR,,
Runaways,Sam Feldt,,
The Ocean,Mike Perry,,
Ain't Giving Up,Craig David,,
Young Souls - Album Edit,Broken Back,,
Feel - Radio Edit,Mahmut Orhan,,
Just Hold Me,Maybon,,
Emelie,filous,,
Let Me Hold You (Turn Me On),Dante Klein,,
Winterbreak - Tiësto's Deep House Remix,MUNA,,
Generationwhy,ZHU,,
Carry Me,Kygo,,
The Best Crew,Tep No,,
Rooftop,NOËP,,
Painted Sky,LCAW,,
Watch The Sun,Comet Blue,,
All I Wanna Do,Martin Jensen,,
Cold Water (feat. Justin Bieber & MØ) - Lost Frequencies Remix,Major Lazer,,
It's Alright,MIKVH,,
Under The Sky,Purasangre,,
Bad Ideas,Alle Farben,,
Summer Nights - Tiësto’s Deep House Remix,Tiësto,,
Walls (summer mix),Tez Cadey,,
In Common - Kaskade Radio Mix,Alicia Keys,,
Faded - Tiesto's Deep House Remix,Alan Walker,,
Surviving,Sondr,,
Don't Be so Shy - Filatov & Karas Remix,Imany,,
Beautiful Life,Lost Frequencies,,
Dreamreacher,Bakermat,,
Cold in California,Marcus Layton,,
Dreamin',Embody,,
Can't Get To You - Summer Edit,TooManyLeftHands,,
White Tiger - Marcus Layton Remix,Izzy Bizu,,
Miracle,Julian Perretta,,
Sex,Cheat Codes,,
Raging,Kygo,,
Thinking About It (Let It go) - KVR Remix,Nathan Goshen,,
Higher Love - Original Mix,Charming Horses,,
Into The Sunset,Mako,,
Coming Over (feat. James Hersey),Dillon Francis,,
Feel Good Inc.,filous,,
Want You,Bearson,,
In the Morning,Kaskade,,
Can't Go Home - Radio Edit,Steve Aoki,,
Hundred Miles,Yall,,
I've Fallen for You,Tom Redwood,,
Walking in the Sun,PANG!,,
Another Love - Zwette Edit,Tom Odell,,
Stay,Kygo,,
Run - Lost Frequencies Radio Edit,Emma Bale,,
Reality - Radio Edit,Lost Frequencies,,
Save Me,LISTENBEE,,
Spaceship,Comet Blue,,
How Hard I Try,filous,,
Ohio - Filous Remix,Damien Jurado,,
Beat the Sunrise,SNBRN,,
Cheerleader - Felix Jaehn Remix Radio Edit,OMI,,
Heaven,Alex Adair,,
All My Friends - 99 Souls Remix,Snakehips,,
Automatic,ZHU,,
Come To Me (Ofenbach Remix) - Radio Edit,Lily & Madeleine,,
Waves - Robin Schulz Radio Edit,Mr. Probz,,
Crush,Campsite Dream,,
Miracles,Martin Jensen,,
Dreams,Campsite Dream,,
233 Vicario,Tatomed,,
The Afterhour - Original Mix,Oscar L,,
Albert in a Cloud,Como Sea,,
Alkaline - Kintar Remix,Jose M.,,
All of This,Protocluster,,
Angel - Club Mix,Noir & Hayze,,
Atlas - Adriatique Remix,Marc Romboy,,
Bahnhof,Fur Coat,,
Big Love - Pirupa Remix,Emanuel Satie,,
Clap Your Hands,Coyu,,
Clap Your Hands - Solomun Remix,Whilk & Misky,,
Closer - Hot Since 82 Remix,Cristoph,,
Complex - Serge Devant Remix,Jonas Rathsman,,
Control - Kruse & Nuernberg Remix,Modul Kollektiv,,
Datnoid,Giorgio Maulini,,
Echoes,Beatamines,,
Esencia,Marcos Cruz,,
Everyone - Teenage Mutants Remix,Yves Murasca,,
Fall - Oxia Remix,Kidnap Kid,,
Flow,Sam Paganini,,
Foxer,Matador,,
Fuego - Julian Jeweil Remix,Dubfire,,
Ghetto Kraviz - Regal 'Sad' Remix,Nina Kraviz,,
Girl Scout Cookies - Original Mix,Sacha Robotti,,
Hi & Low - Konstantin Sibold Acid Mix,WhoMadeWho,,
Humanism,Barber,,
Humano - Victor Ruiz Remix,Dubfire,,
Keep It Low - Chris Liebing Mix,Loco Dice,,
Keep This - Tale Of Us Remix,The/Das,,
Keep Up (feat. J.U.D.G.E.),Noir,,
Kinky Tail - Original Mix,Detlef,,
La Cantaora - Original Mix,Joseph Gaex,,
Lake Ghost - Original Mix,Wehbba,,
Land Of The Giants - Original Mix,Jamie Jones,,
Lidl Girl - Carl Cox Remix,Popof,,
Like It or Not - Joris Voorn Remix,Bob Moses,,
Lucero Del Alba - Original Mix,Henry Saiz,,
Make You Mine - Original Mix,Justin Jay,,
Messiah (feat. J.U.D.G.E.),Noir,,
Meteora,Moonwalk,,
Midnight Walking - Original Mix,Adriatique,,
Nicole Moudaber & Skin - These Walls Are Made of Water (Pan-Pot Remix),Nicole Moudaber,,
Orbit - Original Mix,Julian Jeweil,,
Osa,Recondite,,
Parallels,Adam Beyer,,
Play It Loud! - Mihalis Safras Remix,Marco Carola,,
Redemption,Anna,,
Renata - Dark Mix,Joseph Gaex,,
Sending This One Out - Kenny Dope O'Gutta Beats,Loco Dice,,
Sleepwalker,Loco & Jam,,
Talker - Olivier Giacomotto Mix,Olivier Giacomotto,,
Temporal Perception,Romero,,
Terra - Joseph Capriati Remix,Dubfire,,
That's It,Adrian Hour,,
Tiger In Tow - TouchTalk Remix,Flow & Zeo,,
Turn Off,Stefano Noferini,,
Velvet Revolver,Matador,,
Vermillion - & Me Remix,Damian Lazarus,,
X,Eagles & Butterflies,,
Your Everything - Original Mix,Danny Daze,,
Planet E - Danny Daze Remix,Tiga,,
View of Delft,Wehbba,,
Songs Of Phase,Dusky,,
Sinesthesya - Original Mix,Viels,,
Metropolix - Remix,Fran Rives,,
Draco,Victor Ruiz,,
Fuselage,Koen Groeneveld,,
Do What You Wanna Do (IMS Anthem) - MK Disko Dub,Nile Rodgers,,
Nokturn - Grand Finale,Axel Boman,,
Deep Reverse,Luca Debonaire,,
2127,Eminence,,
Always & Forever,Joseph Capriati,,
6am - CJ Jeff Remix,Eddie Amador,,
Iceland - Laurent Garnier Babou's Bigger Than Ever Remix,Marc Romboy,,
Harlequin - The Beauty and the Beast - Tuff City Kids Remix,Sven Väth,,
Sleepless - Stephan Bodzin Remix,Pan-Pot,,
Sort It Out Sharon - Instrumental Club Mix,Dusky,,
Lockup - Original Mix,Gaiser,,
That Shhh,Andrea Oliva,,
Subzero - Original Mix,Ben Klock,,
Disappear,Julia Govor,,
Awake - Julian Jeweil Remix,Joseph Capriati,,
Suzee - TR324,Mark Knight,,
What You Need,Adam Beyer,,
Letters (Capital) - Jeremy Olander Remix,Sailor & I,,
The Beauty & the Beast - Eric Prydz Re-edit,Sven Väth,,
Feel It - Original Mix,Marco Molina,,
Heatwave - Radio Edit,Prok & Fitch,,
Scorched Earth Policy - Original Mix,Matt Lange,,
Double The Lust,UMEK,,
Malice,Drezo,,
Exist,Joran Van Pol,,
Sugar Rush - Original Mix,Ronnie Spiteri,,
Machine,Danny Daze,,
Black Vans,Bart Skils,,
Riot - Carl Cox Remix,Pan-Pot,,
Flam Mode,Wolfgang Gartner,,
Acid Dude - Original Mix,Koen Groeneveld,,
Afterhours - Original Mix,Gina Turner,,
Ape,Disciples,,
Detroit,Alberto Ruiz,,
C'mon Playa - 1200 Tech Mix,Mark Farina,,
Fist Bump From Destiny,Pan-Pot,,
Midnight,Boys Noize,,
Hot Butter On A Breakfast Toast,Koen Groeneveld,,
Captain My Captain,Pan-Pot,,
Eternia,Alan Fitzpatrick,,
Restart The Sun - Original Mix,Hugo Massien,,
Mount Belzoni - Original Mix,Dusky,,
Club Culture - Original Mix,Claudio Bruno,,
Euphoria,Boys Noize,,
Where Haus? - Original Mix,Alan Fitzpatrick,,
Us - Doorly Remix,Kaskade,,
Get Comfy (Underground Sound Suicide) - ROD Remix Two,Loco Dice,,
Lizard King - Julian Jeweil Remix,Pig & Dan,,
Circular Thing - Hot Since 82 Remix,Krankbrother,,
Mysterious Traveller (Groovy Intent Mix),System 7,,
Divisions (Downstairs),Pascal Hetzel,,
Reconstruction,Roel Salemink,,
Nighthawk - Original Mix,Mat.Joe,,
Kinetic Energy - Original Mix,Filterheadz,,
Cuartero,Dioneli,,
You Ain't Gotta Bounce to This (Lean),Black Caviar,,
Awake,Roel Salemink,,
The Duster,Eats Everything,,
Delirium Is Family 2 - Original Mix,UMEK,,
Take My Love,Michael Woods,,
Amalgamation,Idriss D,,
Heaven - Mark Jenkyns Remix,Him_Self_Her,,
Keep It Low,Loco Dice,,
Moroccan Chant Number 2 - Roel Salemink & Drumcomplex Remix,Carl Cox,,
Take Me Away - Truncate Remix,Dj 3000,,
Into My Life - Original Mix,Mark Knight,,
Nowhere,Koen Groeneveld,,
Heimat - Robag's Turmkolle Rekksmow,Kollektiv Turmstrasse,,
The Rush,Latmun,,
Kenzo,Koen Groeneveld,,
The Power - Stefano Noferini Re-Edit,Luca M,,
Ready2Go,Danny Daze,,
Defiler,Pleasurekraft,,
Mellow,Andrea Oliva,,
There Is No Safe Word,Pleasurekraft,,
Work This Data - Original Mix,UMEK,,
On Off,Cirez D,,
Spastik - Dubfire Rework,Plastikman,,
Blixx - Original Mix,Alan Fitzpatrick,,
Tears - Original Mix,Prok & Fitch,,
Leave Me - Dubfire Playa Remix,Hot Since 82,,
Collinearity - Oscar L Remix,UMEK,,
Man Gone - Tube & Berger Remix,Weiss (UK),,
Sandstorm,Pig & Dan,,
The Bumps - Julian Jeweil Remix,John Monkman,,
Dibiza - Joseph Capriati Remix,Danny Tenaglia,,
Technological - TKNO Remix,Ali Wilson,,
Rebel XX,Pryda,,
Latino - Original Mix,Robbie Rivera,,
Run Baby Run,Paul Ritch,,
Radar - Original Mix,Lupe Fuentes,,
Better for My Brain - Original Mix,Pele,,
Skin Deep,Dusky,,
Pop Culture - Joris Voorn Remix,DJ Dozia,,
Disarray - Original Mix,Tube & Berger,,
Suga - Original Mix,Technasia,,
Watch Me Work,Breach,,
Mirror Me - Extended Original,Maceo Plex,,
Black Cow (Booka Shade Presents Yaruba),Booka Shade,,
Echo,Noha,,
Welcome To My House,Pryda,,
Rasor,ATTLAS,,
Jungle Shrimp,Cut Snake,,
Hypernova - Stephan Bodzin Remix,Marc Romboy,,
Careless,Dusky,,
Stopover - Tocadisco Remix,Dirty South,,
The Essence of House - Metodi Hristov Remix,Josh Butler,,
False - Original Mix,Luke Garcia,,
Maybe Why Not,Cut Snake,,
Twilight Zone - Original Mix,DJ PP,,
Dancing (Again!) - Radio Edit,Eats Everything,,
One Hundred - Original Mix,Koen Groeneveld,,
Love Siren,Alan Fitzpatrick,,
Teaser,Cirez D,,
Do You Feel Me - Dosem Remix,NY's Finest,,
Rumours,Alan Fitzpatrick,,
Iffy - Radio Edit,Per Hammar,,
Rocket Bunny,Format:B,,
Walking With Elephants,Ten Walls,,
Human Reason - Len Faki Remix,Adam Beyer,,
Rock To The Beat - Christian Smith & John Selway Remix,Kevin Saunderson,,
Solar Detroit - Original Mix,Maceo Plex,,
Junglism - Andrei Morant Remix,Drumcomplex,,
Feel The Beat - Original Mix,Dazzo,,
Luck,Piecey,,
Rescue Me - Radio Edit,Reset Robot,,
Under My Skin - Original Mix,Lane 8,,
How Long - Alex Neri & GG Canu Techno Mix,Sannie,,
Azzurro - Original Mix,Yotto,,
Better Days - Doorly Remix,Jimi Polo,,
Rain Dance,Justin Jay,,
Ego,Louisahhh!!!,,
Binary - Shaded Remix,Sian,,
?? [Redemption] - Rare Remix,Valy Mo,,
Turn It Up,Paul Harris,,
Teflon - Original Mix,Tato,,
Perc99,Madame,,
Humanism - Eskuche & Nu Sky Acid Dub,Barber,,
Pop - Vocal,Danny Daze,,
Tell Ya - Radio Mix,Schuhmacher,,
Crosswalk,Yotto,,
Hush Hush Church - Original Mix,UMEK,,
Out Wide II,High Math,,
Elephant,Andrea Oliva,,
Momento - Radio Edit,The Mambo Brothers,,
Short Fuse,John Askew,,
Ways,The Alexsander,,
Turn Back,Low Steppa,,
Clash Of 1984 - Original Mix,Koen Groeneveld,,
Looking Glass - Original Mix,Velvit,,
Fingerprint,Lane 8,,
Curious,Kevin Knapp,,
Ojak - Original Mix,Trevino,,
Just - Ben Remember Remix (TR328),Hannah Wants,,
Lazer,Taiki Nulight,,
Rush,THNK,,
Thunderdad - Original Mix,Ardalan,,
Crazy A,Andrea Oliva,,
Back - Kolsch Remix,Harry Romero,,
Keep Pushin - René Amesz Remake,Matt Smallwood,,
5AM - Original Mix,One Six,,
Soul Valley,Adriatique,,
Human - Calyx & TeeBee Remix,Rag'n'Bone Man,,
Fire,Matrix & Futurebound,,
Escape From Love - Kwint vs Dux n Bass Remix Edit,Eva Simons,,
Stars,Shapeshifter NZ,,
The Day Is My Enemy - Bad Company UK Remix,The Prodigy,,
Nobody Knows,Sub Focus,,
Anywhere - Fred V & Grafix Remix,Dillon Francis,,
Rio - Remix,Netsky,,
Getaway - Koven Remix,Tritonal,,
Kill Room,Delta Heavy,,
1000x - Spectrasoul Remix,Jarryd James,,
Find Me,Sigma,,
Have You - Sound in Noise Remix,TC,,
People - DJ Zinc Remix,Cadenza,,
Hurts - Dimension Remix,Emeli Sandé,,
Love Everlasting - The Vanguard Project Remix,Utah Jazz,,
All Goes Wrong - Dawn Wall Remix,Chase & Status,,
Constellations - Forza Horizon 3 VIP,Fred V & Grafix,,
Do It Right - Hybrid Minds Remix,Rainer + Grimm,,
Catch Me Here (feat. Conor Maynard),Drumsound & Bassline Smith,,
By Design,WRLD,,
Leaving Now,Noisestorm,,
Chasing Sunrise,Metrik,,
Rupture,Droptek,,
Take Me To Another World,Logistics,,
Original Badman,Star.One,,
Colour The Past,Krakota,,
I Found You,North Base,,
Sweet Lies,Wilkinson,,
Parallel,Technimatic,,
At Night (I Think About You) - Cyantific Remix,MNEK,,
Never Stop,DC Breaks,,
Me Minus You - DC Breaks Remix,Jerome Price,,
Silence,Dexcell,,
Love Me - Crissy Criss Remix,WiDE AWAKE,,
Strobe - Dimension Remix,deadmau5,,
Good to Me,Brookes Brothers,,
Little Bit,Futuristik,,
Still Breathing,Urbandawn,,
Give Me Your Love - Andy C Remix,Sigala,,
Nine Clouds,1991,,
Thunder,Netsky,,
Roll On My Level,DJ Hazard,,
The Last Light,Alix Perez,,
Teddy's Gate (feat. LaMeduza),Whiney,,
Who Knows - Shy FX Remix,Protoje,,
Along The Road,NCT,,
Touch,Hybrid Minds,,
Hold feat. Daniela Andrade - Fred V & Grafix Remix,Dabin,,
Higher - The Prototypes Remix,Jauz,,
I See You,Dawn Wall,,
Diamonds Fall,Pola & Bryson,,
Hey - Champion Remix,Fais,,
Cry - NuTone Remix,Sigma,,
One Touch - Technimatic Remix,Macca (DNB),,
Bad,Dossa & Locuzzed,,
Everything Was Nothing,Hugh Hardie,,
Spoken Word,Chase & Status,,
Ignite,Fred V & Grafix,,
Wait for You - Crissy Criss Remix,Ady Suleiman,,
Automatik - Radio Edit,Dimension,,
Black Beatles,Rae Sremmurd,,
Fake Love,Drake,,
Party Monster,The Weeknd,,
X (feat. Future),21 Savage,,
Bounce Back,Big Sean,,
Crazy Brazy,A$AP Mob,,
Bad and Boujee,Migos,,
Buy Back the Block,Rick Ross,,
Erase Your Social,Lil Uzi Vert,,
Too Many Years,Kodak Black,,
No Heart,21 Savage,,
Sneakin’,Drake,,
OOOUUU,Young M.a.,,
Litty (feat. Tory Lanez),Meek Mill,,
What They Want,Russ,,
Chill Bill,Rob $tone,,
Good Drank,2 Chainz,,
Pick Up The Phone (feat. Quavo),Young Thug,,
You Was Right,Lil Uzi Vert,,
Caroline,Aminé,,
Whateva Will Be,A Tribe Called Quest,,
Telephone Calls,A$AP Mob,,
To D.R.E.A.M.,Tory Lanez,,
Wanna Know Remix (feat. Drake),Dave,,
Frozen Water,Belly,,
Too Much Sauce,DJ Esco,,
Used to This,Future,,
Seven Million (feat. Future),Lil Uzi Vert,,
Skateboard P,Madeintyo,,
Spend It,Dae Dae,,
Jungle,A Boogie Wit da Hoodie,,
Last Time (feat. Travis Scott),Gucci Mane,,
Push It (feat. Remy Ma & Quavo) - Remix,O.T. Genasis,,
Big Amount,2 Chainz,,
Make You Feel Good,Fetty Wap,,
Tiimmy Turner - Remix,Desiigner,,
Wyclef Jean,Young Thug,,
One Night,Lil Yachty,,
My Shit,A Boogie Wit da Hoodie,,
Selfish,PnB Rock,,
untitled 07 | levitate,Kendrick Lamar,,
Juke Jam (feat. Justin Bieber & Towkio),Chance The Rapper,,
Froze (feat. Lil Uzi Vert & Nicki Minaj),Meek Mill,,
Bulls**t (feat. 21 Savage),Dae Dae,,
Cash Machine,D.R.A.M.,,
Front & Center,Joey Bada$$,,
Rush,Starrah,,
Money Showers,Fat Joe,,
Let Me Explain,Bryson Tiller,,
Lock Doh,Giggs,,
The Motto,Drake,,
Juju On That Beat (TZ Anthem),Zay Hilfigerrr,,
Rack City,Tyga,,
Fight Night,Migos,,
All The Way Up,Fat Joe,,
Jumpman,Drake,,
Ni**as In Paris,JAY Z,,
679 (feat. Monty),Fetty Wap,,
Coward,Chip,,
Robbery Remix,Abra Cadabra,,
Panda,Desiigner,,
Mercy.1,Kanye West,,
Hands On the Wheel,ScHoolboy Q,,
Forever,Drake,,
m.A.A.d city,Kendrick Lamar,,
How We Do,The Game,,
Clique,Kanye West,,
F**kin' Problems,A$AP Rocky,,
POWER,Kanye West,,
That's Not Me,Skepta,,
'Till I Collapse,Eminem,,
Black And Yellow,Wiz Khalifa,,
Don't Waste My Time,Krept & Konan,,
F*ckwithmeyouknowigotit,JAY Z,,
Champions,Kanye West,,
Purple Lamborghini (with Rick Ross),Skrillex,,
Forgot About Dre,Dr. Dre,,
I Don't Fuck With You,Big Sean,,
Trap Queen,Fetty Wap,,
We Dem Boyz,Wiz Khalifa,,
Started From The Bottom,Drake,,
I Spy,Skepta,,
No Shopping,French Montana,,
Right Above It,Lil Wayne,,
3 Wheel-ups (feat. Wiley & Giggs),Kano,,
Ima Boss - feat. Rick Ross,Meek Mill,,
Not Nice,PARTYNEXTDOOR,,
Stay Schemin,Rick Ross,,
Where The Hood At,DMX,,
Man,Skepta,,
Hypnotize,The Notorious B.I.G.,,
Mad Ting, Sad Ting,,
If You Let Me,Sinead Harnett,,
Playing for You,Joe Hertz,,
Sirens,Nylo,,
Location,Khalid,,
Sorry,Aquilo,,
Blind Man,Xavier Omär,,
F N Sexy,JAHKOY,,
Ignore,Abhi//Dijon,,
How I Feel (feat. Sam Wills),Moods,,
Firefly,Mura Masa,,
Frustrated,R.LUM.R,,
Losin Control,Russ,,
Get You (feat. Kali Uchis),Daniel Caesar,,
Ruby (feat. Lenis Kim & Yngdrgn),Zuma,,
Falling,Opia,,
Hipster Girl,Sango,,
The Other,SaÍgo,,
Ness,MIKNNA,,
Breathe A•gain,Couros,,
Crazy Dream,Tom Misch,,
Flex Your Way Out (feat. Blackbear),Sofi de la Torre,,
Up & Down,Dana,,
She Don't (feat. Ty Dolla $Ign),Ella Mai,,
That Way,Connor Pearson,,
So I Know You Care,Toulouse,,
Precious,Kevin Garrett,,
Often,Abhi//Dijon,,
Cookie,Dessert,,
Uncomfortable,Mansa,,
What You Want,THEY.,,
Chill Out,RAY BLK,,
I.D.C.B.U,SIBA,,
Too Deep,dvsn,,
Both Ways,Jeffrey James,,
Blue,Jarrod Milton,,
Alive,Ravyn Lenae,,
Crush,Yuna,,
Better off Lonely,Frost,,
Better Give U Up,FKJ,,
Tribes,Beach Season,,
GAZI,A.CHAL,,
Come and See Me (feat. Drake),PARTYNEXTDOOR,,
Trinity Ave,MIKNNA,,
Let's Go,Khalid,,
dopemang (feat. Ashley All Day),Kiiara,,
Otherside,Chris McClenney,,
25.22,Allan Rayman,,
Love Somebody,Ta-ku,,
All I Need (feat. Xavier Omär),Noname,,
OVER AGAIN,QUIÑ,,
Borders,St. Beauty,,
We Can (feat. Tory Lanez),Kranium,,
Fake Love,Drake,,
Grass Ain't Greener,Chris Brown,,
LUV,Tory Lanez,,
Slow Wine,J-Soul,,
Starboy,The Weeknd,,
Trust Nobody,Cashmere Cat,,
All Eyez (feat. Jeremih) - Bonus Track,The Game,,
Call Me,Ramriddlz,,
Nobody's Better (feat. Fetty Wap),Z,,
Not Nice,PARTYNEXTDOOR,,
Party Monster,The Weeknd,,
Your Number REMIX,Ayo Jay,,
Gwan Big Up Urself,Roy Woods,,
Tek Weh Yuh Heart,Sean Paul,,
Needed Me,Rihanna,,
Come and See Me (feat. Drake),PARTYNEXTDOOR,,
Burn Break Crash,Aanysa,,
Don't,Bryson Tiller,,
Don't Hurt Me,DJ Mustard,,
Stuck On U,Tory Lanez,,
Side To Side,Ariana Grande,,
Kiss It Better - R3hab Remix,Rihanna,,
Let Me Explain,Bryson Tiller,,
How I Feel,Roy Woods,,
Slow Motion,Trey Songz,,
Bad Intentions,Niykee Heaton,,
Planez,Jeremih,,
Company,Tinashe,,
Link,K. Forest,,
What You Need,Seth Dyer,,
Get You (feat. Kali Uchis),Daniel Caesar,,
Location,Khalid,,
Selfish,JAHKOY,,
Congratulations,Post Malone,,
Versace On The Floor,Bruno Mars,,
I Swear (feat. Young Thug),Wyclef Jean,,
Distraction,Kehlani,,
247,David Correy,,
Attached,K. Forest,,
Money Showers,Fat Joe,,
Me and Your Mama,Childish Gambino,,
Garden,Emeli Sandé,,
The Valley,Keshia Chanté,,
The Days,Anders,,
Too Much Time (feat. Luu Breeze & Emerson Brooks),S.L.M.N,,
Personal,Plaza,,
PRBLMS,6LACK,,
Can't Let Go (feat. Emilia Ali),VALNTN,,
Redbone,Childish Gambino,,
Maniac,Jhene Aiko,,
No Pressure,Saya,,
Penthouse Floor,John Legend,,
Hypnotizing,Aaron Camper,,
Patient,Post Malone,,
Siguiéndote Los Pasos,Rojo,,
Tiene Razón,Rescate,,
Harto,Zona 7,,
Dias Mejores,Benjamin Rivera,,
Viajero Del Viento,Kyosko,,
Mama,Pablo Olivares,,
En El Trono Está,Christine D'Clario,,
Mi Fortuna,Pescao Vivo,,
Tomalo,Hillsong United,,
Enamorado De Ti,Strike 3,,
Libre Para Adorar,Gerry Marquez,,
Rey De Majestad (King of Majesty),Vertical,,
Nada Es Imposible,Marco Barrientos,,
Libre Soy,David Scarpeta,,
Quisiera,Metamorffosis,,
Que Se Llene Tu Casa,Ingrid Rosario,,
Mi Amado Dios,Cristo Para Las Naciones Band,,
Fe,Santo Remedio,,
Todo para Mi,Blest,,
Tu Historia,Renacer,,
El Héroe De La Humanidad,Su Presencia,,
En mi palma te escribí,La voz del desierto,,
Revolución,Padre Jony,,
Darse Cuenta,Logos,,
Somos Libres,En Espíritu Y En Verdad,,
Almas Mecanicas,Exegesis,,
Sin Ti,Micmas,,
O Sol da Meia Noite,Rosa de Saron,,
Alaba,Banda Generasion,,
Líbrame Señor,Eclipse,,
Luz,D-Mente,,
Dios Incomparable,Generación 12,,
Si Tu no Estas,Identidad,,
Otra Oportunidad,Revoluzion Estereo,,
Porque Fingir,180 Grados,,
In The River - Live,Jesus Culture,,
Open Heaven (River Wild) - Live,Hillsong Worship,,
Great Are You Lord - Live,Casting Crowns,,
Come As You Are - Live,Crowder,,
Transfiguration - Live,Hillsong Worship,,
10,000 Reasons (Bless the Lord) [feat. Matt Redman] [Live],,
All I Need Is You - Live,Hillsong United,,
Ascribe - Live,New Life Worship,,
Awesome God - Live,Hillsong United,,
Be Lifted High - Live,Elevation Worship,,
Beautiful Things - Live,Gungor,,
Christ Is Enough - Live,Hillsong Worship,,
Christ Is Risen (Live),Matt Maher,,
Cornerstone - Live,Hillsong Worship,,
Desert Song - Live,Hillsong United,,
Even So Come - Live,Passion,,
Ever Be (Live),Kalley Heiligenthal,,
Eyes On You - Live,Kristene Dimarco,,
Fall Afresh (Acoustic Version),Jeremy Riddle,,
For the Cross,Jenn Johnson,,
Forever - Live,Kari Jobe,,
Give Me Jesus,Matt Stinton,,
God of This City - Live from Passion,Chris Tomlin,,
Great Are You Lord - Live,All Sons & Daughters,,
Great I Am - Live,New Life Worship,,
Hands To The Heavens - Live,Kari Jobe,,
Holy Spirit,Bryan & Katie Torwalt,,
I Am Not Alone - Live,Kari Jobe,,
I Need You More,Kim Walker-Smith,,
I Will Follow You - Live,Kristene Dimarco,,
It Is Well (Live),Kristene Dimarco,,
It Is Well - Live,Kristene Dimarco,,
It Is Well With My Soul - Live,Hillsong Chapel,,
Jesus, We Love You (Live),,
Let It Be Jesus - Live,Christy Nockels,,
Marvelous Light - Live From Passion07,Charlie Hall,,
No Longer Slaves (Live),Jonathan David,,
O Praise The Name (Anástasis) - Live,Hillsong Worship,,
Oceans (Where Feet May Fail) - Live At Red Rocks,Hillsong United,,
On the Throne - Live,Desperation Band,,
One Thing - Live,Hillsong Worship,,
One Thing Remains - feat. Brian Johnson,Bethel Music,,
Open The Eyes Of My Heart,Michael W. Smith,,
Open Up Our Eyes - Live,Elevation Worship,,
Our God - From Passion: Awakening,Chris Tomlin,,
Redeemed - Live,Big Daddy Weave,,
Rising Sun - Live,All Sons & Daughters,,
Sinking Deep - Live,Hillsong Young & Free,,
Spirit Break Out - Live,Kim Walker-Smith,,
This Is Our God - Feat. David Crowder,Chris Tomlin,,
Victor's Crown - Live,Darlene Zschech,,
We Dance (Live),Steffany Frizzell Gretzinger,,
Yahweh - Live,Hillsong Chapel,,
You Are Holy (Prince Of Peace),Michael W. Smith,,
You Are My King (Amazing Love) - One Day Live Album Version,Chris Tomlin,,
You Are The Beauty - Live,Gungor,,
You Make Me Brave (Live),Amanda Cook,,
You Never Fail - Live,Hillsong Worship,,
Your Grace Is Enough/Here I Am Lord (Live),Matt Maher,,
I'll Let You Know,David Hazeltine,,
I'll Wait And Pray,John Coltrane,,
Where We Used To Live,Esbjörn Svensson Trio,,
Romance / Hommage à Milhaud,Enrico Pieranunzi,,
I Still Believe in You,Eric Reed,,
Ballad for MC,Grace Kelly,,
Goodbye Pork Pie Hat,Charles Mingus,,
Soul in Twilight,John Moulder,,
Gramercy Sunset,The Hot Sardines,,
I Was So Young, and You Were So Beautiful,,
Journey Into Melody - 2007 Digital Remaster,Stanley Turrentine,,
For Wee Folks,Joey Alexander,,
I'm Glad There Is You,Bill Mobley,,
Blue Ballad,Phil Woods,,
The Nearness of You,Joshua Redman,,
It Never Entered my Mind,Mulgrew Miller,,
Don Cheadle - Coffee Table Jazz Intro,Various Artists,,
Blue in Green,Miles Davis,,
Where or When,Wynton Marsalis,,
Count Your Blessings,Seamus Blake,,
Good Morning Heartache,Scott Hamilton,,
Two Sleepy People,Marcus Gilmore,,
Can't Help Loving,Beegie Adair,,
The Nearness Of You,Bill Charlap,,
When Sunny Gets Blue,McCoy Tyner,,
Blue and Sentimental,Julian Dash,,
Almas vaggvisa,Jan Lundgren Trio,,
Before It's Time To Say Goodbye,Kenny Garrett,,
Autumn Nocturne,Lou Donaldson,,
Angel Eyes,Tommy Flanagan,,
Good Morning.Goodbye,Dan Cray Trio,,
Doubts 2,Ibrahim Maalouf,,
Where Do You Start,Brad Mehldau Trio,,
The Man I Love,Marcus Roberts,,
Gary's Theme - Remastered,Bill Evans,,
Trust,Roy Hargrove,,
The Folks Who Live on the Hill,Joshua Redman,,
All The Way,Bob Berg,,
Emperor Jones - Instrumental,Joe Lovano,,
Isadora,Christian Scott,,
I Remember Clifford,Lee Morgan,,
Sous le Ciel de Paris,Jacky Terrasson,,
You Go To My Head,Art Pepper,,
Gloomy Sunday,Branford Marsalis,,
I Didn't Know About You,Johnny Hodges,,
I Have Dreamed,Christian McBride,,
Fools Rush In,Teddy Wilson,,
Old Folks,Xavier Davis,,
I Got It Bad And That Ain't Good,Oscar Peterson Trio,,
My Romance,Gene Ammons,,
The Peacocks,Anthony Wonsey Trio,,
A Nightingale Sang In Berkeley Square,Stan Getz,,
A Hundred Dreams from Now,Ray Bryant,,
Stockholm Sweetnin',Scott Hamilton,,
My Romance,Gene Ammons,,
They Didn't Believe Me,Beegie Adair,,
I Didn't Know About You,Ben Webster,,
I Got It Bad And That Ain't Good,Oscar Peterson Trio,,
Where We Used To Live,Esbjörn Svensson Trio,,
Black Orpheus,Gary Smith,,
It Never Entered my Mind,Mulgrew Miller,,
Alone and I,Herbie Hancock,,
Haupe,Duke Ellington,,
The Midnight Sun Will Never Set,Quincy Jones,,
In Your Own Sweet Way,Wes Montgomery,,
'Round Midnight,Miles Davis,,
Blue In Green (Take 3),Bill Evans,,
Goodbye Pork Pie Hat,Charles Mingus,,
Min Soldat (My Soldier),Scott Hamilton,,
Young and Foolish,Bill Evans Trio,,
I Guess I'll Hang My Tears Out To Dry - 1999 Digital Remaster,Dexter Gordon,,
Time After Time,John Coltrane,,
So Long Blues,Bengt Hallberg,,
When It's Sleepytime Down South,Wynton Marsalis,,
When Your Lover Has Gone,Ben Webster,,
Moanin',Art Blakey & The Jazz Messengers,,
In A Sentimental Mood,Duke Ellington,,
Tranquillity - Digitally Remastered,Bobby Hutcherson,,
Mo' Better Blues,Branford Marsalis Quartet,,
Love Is Here To Stay,Marcus Roberts,,
A Sunday Kind Of Love,Etta James,,
'Round Midnight,Betty Carter,,
La Vie En Rose,Bert Kaempfert,,
Greensleeves,Coleman Hawkins,,
Polka Dots And Moonbeams - 1998 Digital Remaster,Bud Powell,,
Blue in Green,Miles Davis,,
Cry Me A River - 1991 - Remaster,Julie London,,
Venga la Esperanza,Alfredo Rodriguez,,
Ruby, My Dear,,
Charlie Brown Theme,Vince Guaraldi Trio,,
Flamenco Sketches,Miles Davis,,
Stardust,Ben Webster,,
The Gypsy (07-29-46),Charlie Parker,,
I'm in the Mood for Love,Julie London,,
Take Five,The Dave Brubeck Quartet,,
Naima,John Coltrane,,
"I'm Old Fashioned - Enhanced CD Version,1997 - Remaster",John Coltrane,,
Quiet Nights of Quiet Stars,Stacey Kent,,
Love For Sale,Cannonball Adderley,,
Corcovado - Quiet Nights Of Quiet Stars,Stan Getz,,
I Fall In Love Too Easily - Vocal,Chet Baker,,
Over The Rainbow - Digitally Remastered,Lou Donaldson,,
It's Always You,Chet Baker,,
Mood Indigo,Louis Armstrong,,
The Masquerade Is Over,Nancy Wilson,,
Misty,Stan Getz,,
God Bless the Child,Sonny Rollins,,
The Very Thought Of You,Chris Botti,,
Strange Meadow Lark,The Dave Brubeck Quartet,,
Easy Living,Clifford Brown,,
True Lies,Kenny Wayne Shepherd,,
Morning Star,Philip Sayce Group,,
Openness,Henrik Freischlader Trio,,
Just in case,Paulo Mendonca,,
The Answer,Tony Spinner,,
Highway Jones,Cry Of Love,,
Stand Tall,Richie Kotzen,,
Chills & Thrills,Bernard Allison,,
Don't Be a Fool,Simon McBride,,
She Was a Doorman,Ana Popovic,,
Well Run Dry,Phat Phunktion,,
Point of View,Henrik Freischlader,,
Love Sweet Love,Anthony Gomes,,
Big Mouth,Mike Zito,,
Go Faster,Richie Kotzen,,
Few And Far Between,Shannon Curfman,,
Open Road,Oli Brown,,
Life On The Outside,Gov't Mule,,
Before You Hit The Ground,Jonny Lang,,
Motivational Speaker,Alvin Youngblood Hart,,
Funky Guitar Blues,Bryce Janey,,
Who Do You Love?,Joanne Shaw Taylor,,
T.C.B. or T.Y.A.,Edwin McCain,,
Vixen Eyes,Gugun Power Trio,,
Soul On Fire,Saint Jude,,
Walkin' The Dawg,Tony Spinner,,
Lives That Don't Exist,Ana Popovic,,
Dark Side Of Love,Kenny Wayne Shepherd,,
Honey,Paulo Mendonca,,
Love Ain't a Love Song,Joe Bonamassa,,
Groove With Me,Bernard Allison,,
Born Under A Bad Sign,Albert King,,
Mannish Boy,Muddy Waters,,
Smokestack Lightnin',Howlin' Wolf,,
Boom Boom,John Lee Hooker,,
Everyday I Have the Blues,B.B. King,,
First Time I Met The Blues - 1960 Single Version,Buddy Guy,,
Mojo Hand,Lightnin' Hopkins,,
I'd Rather Go Blind,Etta James,,
Dust My Broom,Elmore James,,
My Babe - Single Version,Little Walter,,
I'm Your Hoochie Coochie Man,Muddy Waters,,
John the Revelator,Son House,,
Help Me,Sonny Boy Williamson II,,
Crosscut Saw,Albert King,,
T-Bone Blues,T-Bone Walker,,
Stumble,Freddie King,,
I've Got A Woman,Ray Charles,,
Spoonful,Howlin' Wolf,,
Back Door Man,Willie Dixon,,
Working Man,Otis Rush,,
I'm A Man - Single Version,Bo Diddley,,
Someday (Electric),Otis Spann,,
Call It Stormy Monday,T-Bone Walker,,
The Sky Is Crying,Elmore James,,
Buffalo Soldier,Bob Marley & The Wailers,,
Now That We've Found Love - Single Version,Third World,,
Jamaican In New York,Shinehead,,
(You Gotta Walk) Don't Look Back - 2002 Remastered Version,Peter Tosh,,
You Don't Love Me (No, No,,
Molly Town,Joss Stone,,
Girls Dem Sugar - Feat. Mya,Beenie Man,,
Start It Up,Ziggy Marley,,
Turn Your Lights Down Low,Bob Marley & The Wailers,,
Kingston Town,Alborosie,,
Night Nurse,Gregory Isaacs,,
Kingston Town,UB40,,
Funky Kingston,Toots & The Maytals,,
Fly Rasta,Ziggy Marley,,
One Drop,Bob Marley & The Wailers,,
Wake Me Up - Reggae Mix,Avicii,,
In My Arms,Beres Hammond,,
One Good Spliff,Ziggy Marley & The Melody Makers,,
Wanted Dread and Alive - 2002 Remastered Version,Peter Tosh,,
Take Me Home, Country Roads,,
Permission,Shurwayne Winchester,,
It Don't Make Any Difference To Me - Supa Dupes Remix,Kevin Michael feat. Wyclef Jean,,
Pimper's Paradise,Bob Marley & The Wailers,,
Sinsemilla,Black Uhuru,,
Marcus Garvey,Burning Spear,,
Marijuana,Sizzla,,
Cool Down The Pace,Gregory Isaacs,,
My Jamaican Guy,Grace Jones,,
Sunshine Reggae - Original Mix '82,Laid Back,,
Could You Be Loved,Bob Marley & The Wailers,,
Better Must Come,Delroy Wilson,,
Cool Runnings,Duane Stephenson,,
The Voices Of Sweet Jamaica - All Star Remix,Shaggy, Leroy Sibbles, Freddie McGregor
Love Is My Religion,Ziggy Marley,,
Red Red Wine - Edit,UB40,,
It's A Pity,Tanya Stephens,,
So Much Trouble In The World,Bob Marley & The Wailers,,
I Wish You Were Here,Alpha Blondy,,
That Day Will Come,Capleton,,
Hey Baby,Stephen Marley,,
All Of Me,Jah Cure,,
Who Knows,Protoje,,
Baby, I Love Your Way,,
Kaya,Bob Marley & The Wailers,,
Nuthin' Wrong With The World,Junior Kelly,,
Dreadlock Holiday,10cc,,
One Day - New Album Version,Matisyahu,,
Man Down,Rihanna,,
Chase The Devil,Max Romeo,,
Road To Zion,Damian Marley,,
Jamming,Bob Marley & The Wailers,,
Rasta Should Be Deeper,Junior Kelly,,
I Shot The Sheriff,The Wailers,,
King Without a Crown - Live,Matisyahu,,
It Wasn't Me,Shaggy,,
Sweat (A La La La La Long),Inner Circle,,
Turn Me On,Kevin Lyttle,,
Welcome To Jamrock,Damian Marley,,
Boom Shack-A-Lak - Edit,Apache Indian,,
Is This Love,Bob Marley & The Wailers,,
Intoxication,Gentleman,,
Beach In Hawaii,Ziggy Marley,,
Police In Helicopter,John Holt,,
Running Away - Winta James Mix,Ady Suleiman,,
World A Music,Ini Kamoze,,
Blind To You - Explicit Album Version,Collie Buddz,,
One Love / People Get Ready,Bob Marley & The Wailers,,
One Draw,Rita Marley,,
Superior,Gentleman,,
Look Who's Dancin',Ziggy Marley & The Melody Makers,,
Police & Thieves,Junior Murvin,,
Get Up, Stand Up,,
Mount Zion Medley (ft. Capleton, Jah Cure,,
Three Little Birds,Bob Marley & The Wailers,,
Angel,Shaggy,,
Zungguzungguguzungguzeng,Yellowman,,
Here I Come,Barrington Levy,,
Lady,Wayne Wade,,
Pressure Drop,Toots & The Maytals,,
Legalize It,Peter Tosh,,
Iron Lion Zion,Bob Marley & The Wailers,,
Boombastic,Shaggy,,
Baby Come Back - With Ali & Robin Campbell,Pato Banton,,
Cheerleader,OMI,,
100 % of Loving,Marcia Griffiths,,
Murder She Wrote (Original Mix),Chaka Demus & Pliers,,
Bush Doctor - 2002 Remastered Version,Peter Tosh,,
Dubbing Is a Must - 2010 Remastered Version,Pablo Moses,,
Weekend's Long,Ziggy Marley,,
Stand Down,Lionel Richie,,
World A Reggae Music,Anthony B,,
Still Blazing,Alborosie,,
Hills And Valleys,Buju Banton,,
Waiting In Vain,Bob Marley & The Wailers,,
That Girl - feat. Shaggy,Maxi Priest,,
Johnny B Goode - 2002 Remastered Version,Peter Tosh,,
The International Herb,Culture,,
Rude,Magic!,,
Natty Rebel - 1990 Digital Remaster,U-Roy,,
Tenement Yard,Jacob Miller,,
Sun Is Shining,Bob Marley & The Wailers,,
Games People Play,Inner Circle,,
Animal - Mark Ronson Remix,Miike Snow,,
The Harder They Come,Jimmy Cliff,,
Take Five,Rico,,
When mi rise it,Lutan Fyah,,
Humanity (Love the Way It Should Be),John Legend,,
Iron Lion Zion,Bob Marley & The Wailers,,
Con Truenos Hay Que Hablar,Cultura Profética,,
Que Esta Pasando,Mystical Fyah,,
Tanto Por Ti,Fyahbwoy,,
Nada,Dread Mar I,,
Sé Q' el Mar,Los Cafres,,
Le da Igual,Cultura Profética,,
Sentimiento Original,Gondwana,,
Quiero Bailar,Raggabund,,
En el Aire,Nonpalidece,,
Emocionado,Fidel Nadal,,
Con Vos,Kameleba,,
Momento,Los Cafres,,
Sin Ti (feat. Quique Neira),Quique Neira,,
Niños de Ghetto,Mad Division feat. Morodo & Keishal & Squid,,
Kultura Babylon,Laguna Pai,,
Este Sol,Yerberos,,
La complicidad,Cultura Profética,,
Mr Bobby,Manu Chao,,
El Rugido Del León,Alika,,
Si el Amor Se Cae - Versión 25 Años [Live],Los Cafres,,
Tu Presencia,Nonpalidece,,
Sensemina,Resistencia Suburbana,,
Secreto mío,Los Cafres,,
Cuidado,Resistencia Suburbana,,
Me Toco Perder,Gomba Jahbari,,
No Mires Atras,Bahiano,,
Mucho Verso,Gondwana,,
Puedo esperarte,Riddim,,
Fruto De La Tierra,Cultura Profética,,
Hoy,Gomba Jahbari,,
Reggae Para Los Amigos,Intoxicados,,
Una Perla en Mi Vida - Versión 25 Años,Los Cafres,,
La Pipa,El Natty Combo,,
Tu Nombre,Lengualerta,,
Lova,Movimiento Original,,
Si No Somos Felices,Kameleba,,
Verde, amarillo y rojo,,
Mi Niña,Cañaman,,
Canto En La Prision,Cultura Profética,,
El Reggae De Paz Y Amor,Sumo,,
Big Up,Alika,,
Burning Song,Morodo,,
Las Heridas Del Corazon,Chulito Camacho,,
Mi Balcon - feat. Cultura Profetica,Vicente Garcia,,
Pachanga,Les Babacools,,
Reverdeciendo,Lengualerta,,
Crossroads,B-Side Players,,
Mexica,Quinto Sol,,
Tierra Indigena,Big Mountain,,
En el camino,Kapanga,,
Vigila tu Espalda Friend,Morodo,,
Mucho Verso,Gondwana,,
Ilegal,Cultura Profética,,
Tus Ojos,Los Cafres,,
La Flor,Nonpalidece,,
If I Needed Someone,Kameleba,,
Pupilas Lejanas,Los Pericos,,
Runaway (feat. The Original Wailers),Los Pericos,,
Sin Ti,King Chango,,
Bastará,Los Cafres,,
Bongo Bong,Manu Chao,,
Pensando en Ti,Quique Neira,,
Love Song,Nonpalidece,,
The Lion of Judah,Mad Professor,,
Tu Amor,Riddim,,
Marihuana Cura,Chulito Camacho,,
Se Alborotan,Alika,,
A Los Ojos,Bahiano,,
Antonia,Gondwana,,
Afro-Sound,Locos Por Juana,,
Tengo Que Colgar,Banda Sinaloense MS de Sergio Lizárraga,,
Durmiendo en el Lugar Equivocado,La Adictiva Banda San José de Mesillas,,
Quién Te Entiende,Crecer German,,
Me Está Gustando,Banda Los Recoditos,,
Yo Si Me Enamoré,La Septima Banda,,
Porque Me Enamore,Ulices Chaidez Y Sus Plebes,,
Prohibida,El Komander,,
Siempre Te Voy A Querer,Calibre 50,,
Afuera Está Lloviendo,Julión Álvarez y su Norteño Banda,,
No Lo Hice Bien,Los Plebes del Rancho de Ariel Camacho,,
Como No Queriendo,Fidel Rueda,,
Te Deseo Lo Mejor,Alta Consigna,,
Un Hombre Con Suerte,Duelo,,
Que Caro Estoy Pagando,La Adictiva Banda San José de Mesillas,,
Adios Amor,Christian Nodal,,
Cómo Olvidarte,El Bebeto,,
El Cuento Perfecto,Banda Los Sebastianes,,
Transparente,Jonatán Sánchez,,
Te Metiste,Ariel Camacho y Los Plebes Del Rancho,,
No Vuelvas a Llamarme,Joss Favela,,
Me Falta un Corazón,Edwin Luna y La Trakalosa de Monterrey,,
Consejos de amigos,Cristian Jacobo,,
En Estos Dias,Regulo Caro,,
Amor Del Bueno,Calibre 50,,
A Sangre Fria,Impacto Sinaloense,,
Me Vas a Extrañar,Banda Sinaloense MS de Sergio Lizárraga,,
Te Acuerdas,Banda La Contagiosa,,
Me Estorbas,Pesado,,
Es Tan ExtraÑo,Claudio Alcaraz Y Su Banda La Mundial,,
No Es Normal,Cheyo Carrillo,,
Te Dirán,La Adictiva Banda San José de Mesillas,,
Estoy Tomando,Claudio Alcaraz Y Su Banda La Mundial,,
Me Va a Extrañar,Julión Alvarez,,
Me Va A Pesar,La Arrolladora Banda El Limón De Rene Camacho,,
Para Ser Sincero,Christian Nava,,
A Ver A Qué Horas - En Vivo,Banda Carnaval,,
El Mayor de Mis Antojos,La Original Banda El Limón de Salvador Lizárraga,,
Permíteme,Banda Tierra Sagrada,,
Te Acuerdas de Tu Amiga,Adriel Favela,,
Pongámonos De Acuerdo,Julión Álvarez y su Norteño Banda,,
La Repetición,Banda Tierra Sagrada,,
Cuando Fuimos Nada,Joss Favela,,
Inevitable,Banda El Recodo,,
Ya Me Vi,El Dasa,,
Se Me Olvidó Quererte,Banda Los Sebastianes,,
Tu Mentira,El Mimoso Luis Antonio López,,
Solo Con Verte,Banda Sinaloense MS de Sergio Lizárraga,,
Hermosa Experiencia,Banda Sinaloense MS de Sergio Lizárraga,,
Belleza De Cantina,Cardenales De Nuevo León,,
Vete Ya,Valentín Elizalde,,
No Te Quiero Perder,Banda Los Recoditos,,
Te Soñé,El Coyote Y Su Banda Tierra Santa,,
Borracho de Amor,Edwin Luna y La Trakalosa de Monterrey,,
Solo Un Dia (Ahora Te Amo),Adan Romero,,
El Mejor Perfume,La Original Banda El Limón de Salvador Lizárraga,,
Mi Razón De Ser,Banda Sinaloense MS de Sergio Lizárraga,,
Dámaso,Gerardo Ortiz,,
Mi Enemigo El Amor,Pancho Barraza,,
Nos Acostumbramos,Los Horóscopos De Durango,,
Pero Te Vas A Arrepentir,K-Paz De La Sierra,,
Enséñame A Olvidarte,Intocable,,
Se Me Sigue Notando,Chuy Lizarraga y Su Banda Tierra Sinaloense,,
"Disculpe Usted,Sergio Vega ""El Shaka""",,,
Aunque Te Duela,Fidel Rueda,,
No Me Dolió,La Original Banda El Limón de Salvador Lizárraga,,
La Buena y la Mala,Banda Tierra Sagrada,,
Y Llegaste Tú,Banda El Recodo,,
Ni Lo Intentes,Julión Álvarez y su Norteño Banda,,
El Enamorado,Los Titanes De Durango,,
A chillar a otra parte,Pesado,,
Ni Que Valieras Tanto,El Poder Del Norte,,
Te Quiero Así,Valentín Elizalde,,
No Pasa Nada,Germán Montero,,
Un Rinconcito en el Cielo,Julio Preciado,,
Y Tú - Ranchera,Julión Álvarez y su Norteño Banda,,
Que Me Entierren Con la Banda,Jenni Rivera,,
Eres Mi Cenicienta,Voz De Mando,,
La Mejor De Todas,Banda El Recodo,,
La Baraja,La Numero 1 Banda Jerez De Marco A. Flores,,
Escápate,Luis Coronel,,
La Rata Flaca,Banda Autentica de Jerez,,
El Ruido De Tus Zapatos,La Arrolladora Banda El Limón De Rene Camacho,,
Mi Olvido,Banda Sinaloense MS de Sergio Lizárraga,,
Voy a Pistearme el Dolor,Regulo Caro,,
Las Edades,Roberto Tapia,,
Eres Mi Droga,Intocable,,
Porque Sin Ti,Banda San Jose De Mesillas,,
Una Entre Un Millón,Banda Rancho Viejo De Julio Aramburo La Bandononona,,
San Lunes,Edwin Luna y La Trakalosa de Monterrey,,
Ando Bien Pedo,Banda Los Recoditos,,
Mi Mayor Anhelo,Banda Sinaloense MS de Sergio Lizárraga,,
Cabecita Dura,La Arrolladora Banda El Limón De Rene Camacho,,
Vas A Llorar Por Mí,Banda El Recodo,,
Ojala que te mueras,Pesado,,
Mi Credo,K-Paz De La Sierra,,
Dos Hojas Sin Rumbo,Julio Preciado Y Su Banda Perla Del Pacifico,,
Y Ahora Resulta,Voz De Mando,,
Doble Vida,Edwin Luna y La Trakalosa de Monterrey,,
Qué Te Costaba,Fidel Rueda,,
Olvidarte No Será Sencillo,Banda Carnaval,,
No Llega El Olvido,Jenni Rivera,,
¿Y Todo Para Qué?,Intocable,,
Para Que Regreses,El Chapo De Sinaloa,,
Mujer de Piedra,Gerardo Ortiz,,
Descuide,Montez De Durango,,
Adicto,Duelo,,
La Mesa Del Rincon,Los Tigres Del Norte,,
Mujer De Todos, Mujer De Nadie,,
Como La Palma De Mi Mano,Banda San Jose De Mesillas,,
No Me Conoces Aún,Palomo,,
Mi Segunda Vida,La Arrolladora Banda El Limón De Rene Camacho,,
La Jaula De Oro,Los Tigres Del Norte,,
Complicidad (feat. Manuel Medrano),Vanesa Martín,,
El cielo que me das,Rosana,,
Dueles,Jesse & Joy,,
De Pies a Cabeza - Saga Remix,Maná,,
Amor y Dolor,Carlos Baute,,
Fan de ti - Acústico,Sidecars,,
Dónde está el amor - feat. Jesse & Joy,Pablo Alborán,,
Gulliver (with Natalia Lafourcade, Alex González y Sergio Vallín) - MTV Unplugged,,
Imaginando,Sergio Dalma,,
Vuelves,Sweet California,,
Un latido,David DeMaría,,
La tormenta - Acústico,Sidecars,,
Castígame,DMEI,,
Me estoy enamorando - feat. Iván Torres,Eva Ruiz,,
Solo Yo,Sofia Reyes,,
Concierto salvaje,M-Clan,,
Pájaros disecados,Fito y Fitipaldis,,
California,M-Clan,,
Fiesta en el infierno,Fangoria,,
Recuérdame,Pablo Alborán,,
Ganamos,Bebe,,
Personal,Neus Ferri,,
La promesa,Melendi,,
Es tu amor,DMEI,,
Corazon partio,Alejandro Sanz,,
9 días,Vanesa Martín,,
Garabatos,Fito y Fitipaldis,,
Similares,Laura Pausini,,
Perdimos el control,Carlos Baute,,
Eres,Sergio Dalma,,
Complicidad,Vanesa Martín,,
Y si te vas,David DeMaría,,
La esperanza,M-Clan,,
No soy una de esas - feat. Alejandro Sanz,Jesse & Joy,,
La escalera,Pablo Alborán,,
Por quererte,Efecto Mariposa,,
Sin saber por qué,Vanesa Martín,,
Tocado y hundido,Melendi,,
Sin Miedo a Nada - con Amaia Montero,Álex Ubago,,
Entre la espada y la pared,Fito y Fitipaldis,,
Es la música,Laura Pausini,,
Tu jardín con enanitos,Melendi,,
Ella,Bebe,,
Amiga mia,Alejandro Sanz,,
Dramas y comedias,Fangoria,,
Qué has hecho con mi vida,Eva Ruiz,,
Puerto Presente,Macaco,,
Entre la espada y la pared,Fito y Fitipaldis,,
Bailando - Spanish Version,Enrique Iglesias,,
The Less I Know The Better , Tame Impala,,
Feel Good Inc , Gorillaz,,
Walking On A Dream , Empire of the Sun,,
Sweater Weather , The Neighbourhood,,
If I ever feel better , Phoenix,,
Midnight City , M83,,
Take a Walk , Passion Pit,,
Uprising , Muse,,
Shots - Broiler Remix , Imagine Dragons,,
Lonely Boy , The Black Keys,,
Prayer in C - Robin Schulz Radio Edit , Lilly Wood and The Prick,,
The Funeral , Band of Horses,,
Electric Feel , MGMT,,
Stressed Out , Twenty One Pilots,,
Safe And Sound , Capital Cities,,
Take Me Out , Franz Ferdinand,,
My Number , Foals,,
Seven Nation Army , The White Stripes,,
Sex on Fire , Kings of Leon,,
Houdini , Foster The People,,
Last Nite , The Strokes,,
Float On , Modest Mouse,,
Paper Planes , M.I.A.,,
Red Eyes , The War On Drugs,,
Desire - Gryffin Remix , Years & Years,,
Island In The Sun , Weezer,,
One More Time , Daft Punk,,
Love Will Tear Us Apart , Joy Division,,
Junk of the Heart (Happy) , The Kooks,,
Classic (feat. POWERS) , The Knocks,,
Such Great Heights , The Postal Service,,
Wildfire (feat. Little Dragon) , SBTRKT,,
Young Folks , Peter Bjorn and John,,
Heart It Races - Dr Dog Version , Dr. Dog,,
The Man Who Sold The World , Nirvana,,
So Good at Being in Trouble , Unknown Mortal Orchestra,,
Here Comes Your Man , Pixies,,
Dakota , Stereophonics,,
Gone , JR JR,,
Shooting Stars , Bag Raiders,,
Animal , Miike Snow,,
Disparate Youth , Santigold,,
Breezeblocks , alt-J,,
Ready For The Floor , Hot Chip,,
You're Not Good Enough , Blood Orange,,
C O O L , LE YOUTH,,
Baby I'm Yours (feat. Irfane) , Breakbot,,
Dreams , Beck,,
Genesis , Grimes,,
Banquet , Bloc Party,,
Pumpin Blood , NONONO,,
I Can Change , LCD Soundsystem,,
Put a Light On , Generationals,,
Never There , Cake,,
Gronlandic Edit , of Montreal,,
Wolf Like Me , TV On The Radio,,
Real Slow , Miami Horror,,
Swing Tree , Discovery,,
Yoshimi Battles The Pink Robots Part 1 , The Flaming Lips,,
Ooh La La , Goldfrapp,,
Fa-Fa-Fa , Datarock,,
Feeling Ok , Best Coast,,
Can't Keep Checking My Phone - SILICON Rework , Unknown Mortal Orchestra,,
Blind - Radio Edit , Hercules & Love Affair,,
Soul Meets Body , Death Cab for Cutie,,
Afterlife , Arcade Fire,,
Paris (Aeroplane Remix) , Friendly Fires,,
Alright , Supergrass,,
White Lies , Max Frost,,
Lights & Music , Cut Copy,,
Holding On , Julio Bashmore,,
Know What I Want , Kali Uchis,,
Emerge , Fischerspooner,,
Heartbeats , The Knife,,
Je veux te voir , Yelle,,
Crimewave , Crystal Castles,,
One Girl / One Boy , !!!,,
Let Go , RAC,,
Dancing On My Own , Robyn,,
Filthy/Gorgeous , Scissor Sisters,,
Master Of None , Beach House,,
An Honest Mistake - CD Album Version , The Bravery,,
Time , Jungle,,
Maps , Yeah Yeah Yeahs,,
Girls And Boys , Blur,,
This Head I Hold , Electric Guest,,
Close To Me , The Cure,,
Get Myself Into It , The Rapture,,
Evil , Interpol,,
Holdin On To Black Metal , My Morning Jacket,,
Sweetest Kill , Broken Social Scene,,
I Turn My Camera On , Spoon,,
Burning , The Whitest Boy Alive,,
Thunderhearts , Cold War Kids,,
Age Of Consent , New Order,,
"Common People - Full Length Version, Album Version ", Pulp,,
Black Beatles , Rae Sremmurd,,
Closer , The Chainsmokers,,
Starboy , The Weeknd,,
Let Me Love You , DJ Snake,,
Don't Wanna Know , Maroon 5,,
24K Magic , Bruno Mars,,
Say You Won't Let Go , James Arthur,,
Fake Love , Drake,,
Cold Water (feat. Justin Bieber & MØ) , Major Lazer,,
Side To Side , Ariana Grande,,
The Greatest , Sia,,
Rockabye (feat. Sean Paul & Anne-Marie) , Clean Bandit,,
In the Name of Love , Martin Garrix,,
My Way , Calvin Harris,,
All We Know , The Chainsmokers,,
Starving , Hailee Steinfeld,,
One Dance , Drake,,
Treat You Better , Shawn Mendes,,
Heathens , Twenty One Pilots,,
Call on Me - Ryan Riback Remix , Starley,,
Mercy , Shawn Mendes,,
Shout Out to My Ex , Little Mix,,
I Feel It Coming , The Weeknd,,
Don't Let Me Down , The Chainsmokers,,
Scars To Your Beautiful , Alessia Cara,,
Juju On That Beat (TZ Anthem) , Zay Hilfigerrr,,
Ain't My Fault , Zara Larsson,,
Broccoli (feat. Lil Yachty) , D.R.A.M.,,
Perfect Strangers , Jonas Blue,,
Party Monster , The Weeknd,,
We Don't Talk Anymore (feat. Selena Gomez) , Charlie Puth,,
Fresh Eyes , Andy Grammer,,
Chantaje , Shakira,,
"CAN'T STOP THE FEELING! (Original Song from DreamWorks Animation's ""TROLLS"") ", Justin Timberlake,,
Sucker For Pain (with Wiz Khalifa, Imagine Dragons,,
Capsize , FRENSHIP,,
The Mack , Nevada,,
Ride , Twenty One Pilots,,
Caroline , Aminé,,
Too Good , Drake,,
Otra Vez (feat. J Balvin) , Zion & Lennox,,
This Is What You Came For , Calvin Harris,,
i hate u, i love u (feat. olivia o'brien) ,,
Alarm , Anne-Marie,,
Safari , J Balvin,,
Setting Fires , The Chainsmokers,,
You & Me , Marc E. Bassy,,
Hymn For The Weekend - Seeb Remix , Coldplay,,
The Ocean , Mike Perry,,
Cheap Thrills , Sia,,
Boys 'Round Here (feat. Pistol Annies & Friends) , Blake Shelton,,
Let Me See Ya Girl , Cole Swindell,,
Knee Deep (feat. Jimmy Buffett) , Zac Brown Band,,
Somebody Like You , Keith Urban,,
Run Away With You , Big & Rich,,
Highway Don't Care , Tim McGraw,,
Bottoms Up , Brantley Gilbert,,
That Don't Sound Like You , Lee Brice,,
Wagon Wheel , Darius Rucker,,
Head Over Boots , Jon Pardi,,
Somethin' 'Bout A Truck , Kip Moore,,
Go Ahead and Break My Heart (feat. Gwen Stefani) , Blake Shelton,,
Nowhere Fast , Old Dominion,,
Strip It Down , Luke Bryan,,
Break Up In A Small Town , Sam Hunt,,
Chicken Fried , Zac Brown Band,,
Take A Back Road , Rodney Atkins,,
One Hell Of An Amen , Brantley Gilbert,,
Make You Miss Me , Sam Hunt,,
Drink You Away , Justin Timberlake,,
Don't It , Billy Currington,,
I Don't Dance , Lee Brice,,
Riser , Dierks Bentley,,
Leave The Night On , Sam Hunt,,
(This Ain’t No) Drunk Dial , A Thousand Horses,,
T-Shirt , Thomas Rhett,,
Sippin’ On Fire , Florida Georgia Line,,
Single For The Summer , Sam Hunt,,
Wasted Time , Keith Urban,,
Til It's Gone , Kenny Chesney,,
House Party , Sam Hunt,,
Drink to That All Night , Jerrod Niemann,,
Sangria , Blake Shelton,,
Barefoot Blue Jean Night , Jake Owen,,
Smoke , A Thousand Horses,,
Raised On It , Sam Hunt,,
Anything Goes , Florida Georgia Line,,
I Like The Sound Of That , Rascal Flatts,,
Stay A Little Longer , Brothers Osborne,,
Top Of The World , Tim McGraw,,
Even If It Breaks Your Heart , Eli Young Band,,
Wrong Turns , Old Dominion,,
Huntin', Fishin' And Lovin' Every Day ,,
This Is How We Roll , Florida Georgia Line,,
You'll Accomp'ny Me , Frankie Ballard,,
Homegrown , Zac Brown Band,,
Humble And Kind , Tim McGraw,,
Break Up with Him , Old Dominion,,
It All Started with a Beer , Frankie Ballard,,
Yeah , Joe Nichols,,
I'm Comin' Over , Chris Young,,
Springsteen , Eric Church,,
Drinking Class , Lee Brice,,
I Love This Life , LOCASH,,
Rebound , Drew Baldridge,,
Night's On Fire , David Nail,,
Road Trippin' , Dan + Shay,,
Cello Concerto in E Minor, Op.85 (1995 - Remaster): I. Adagio - Moderato ,,
Fantasiestücke, Op. 12: No. 3. Warum? ,,
Schumann: Cello Concerto in A Minor, Op. 129: I. Nicht zu schnell - ,,
Sonata In D Minor, Kk. 9 ,,
Symphony No. 2 in B Minor: III. Andante , Alexander Borodin,,
Beethoven: Piano Trio No. 5 in D Major, Op. 70 No. 1,,
Concerto para Violão e Orquestra: I. Modinha , Alondra de la Parra,,
Piano Trio No. 1 in D Minor, Op. 63: I. Mit Energie und Leidenschaft ,,
Graciela y Buenos Aires , José Bragato,,
Études-tableaux, Op. 39: No. 2 in A Minor: Lento assai ,,
Cello Concerto No. 1 in E-Flat Major, Op. 107: I. Allegretto - Live ,,
"Cavalleria rusticana: ""Voi lo sapete"," o mamma"" ",,
Violin Sonata in B Minor: I. Allegro , Amanda Maier-Röntgen,,
Brahms: Cello Sonata No. 2 in F Major, Op. 99: I. Allegro vivace ,,
Act 3: XXXIX. Romeo Bids Juliet Farewell , Sergei Prokofiev,,
"Overture ""A Midsummer Night's Dream""", Op.21 ,,
Images - Book 1, L. 110: 1. Reflets dans l'eau ,,
Scheherazade, Op.35: The Sea And Sinbad's Ship (Largo e maestoso - Lento - Allegro non troppo - Tranquillo) ,,
Oboe Sonata, FP 185: Elegie: Paisiblement ,,
Divertimento, BB 118: I. Allegro non troppo ,,
Symphony No. 7 in E Minor: I. Langsam - Allegro con fuoco , Gustav Mahler,,
L'Enfant et les sortilèges," M.71 / Première partie: ""Ah! C'est Elle! C'est Elle!"" ",,
Mikrokosmos, Sz. 107 - Book 6: No.149 Dance in Bulgarian Rhythm II ,,
A Flock Descends Into The Pentagonal Garden , Toru Takemitsu,,
Violin Concerto No. 2, Op. 129: Moderato ,,
Don Giovanni, K. 527 (Highlights): Act II: Don Giovanni,,
Sonata In C For Cello And Piano Op.65: 1. Dialogo , Benjamin Britten,,
Bruckner : Symphony No.5 in B flat major [Original Version] : IV Finale - Adagio - Allegro moderato , Anton Bruckner,,
String Quartet No. 2 in D Major: I. Allegro moderato , Alexander Borodin,,
Delius: A Song of Summer, RT VI/26 ,,
Scherzo No. 2 in B-Flat Minor, Op. 31 ,,
String Quartet No. 1 in E Minor 'From My Life': I. Allegro vivo appassionato , Bed?ich Smetana,,
Piano Concerto No.4 In G, Op.58: 1. Allegro moderato ,,
String Quartet No.8 in C Minor, Op.110: 1. Largo ,,
Rhapsody in Blue , Lang Lang,,
String Quartet No.10 In E Flat Major, Op.51,,
Shenandoah (arr. for piano) , Anonymous ,,
String Quartet No. 6 Op.80 in F minor: I Allegro vivace assai , Felix Mendelssohn,,
"Der Frühling: ""Seht"," wie der strenge Winter flieht!"" ",,
String Quartet No. 4, Op. 22: I. Fugato: Sehr langsame Viertel ,,
String Quartet No.14 in D Minor," D. 810 ""Death and the Maiden"": II. Andante con moto ",,
Madrigals, Libro 6: Moro,,
Piano Concerto No. 2 in G Major, Sz. 95,,
Dissonance Quartet in C Major: Adagio, Allegro ,,
String Quartet No.15 in G, D.887: 1. Allegro molto moderato ,,
Prokofiev: Piano Concerto No. 3 in C Major, Op. 26: I. Andante - Allegro ,,
Schumann: Fantasiestücke, Op. 73: I. Zart und mit Ausdruck ,,
Tristan und Isolde / Act 1: Prelude - Langsam und smachtend , Richard Wagner,,
En reve (Nocturne), S207/R87 ,,
Études, Book 2: Etudes,,
Hair Of The Dog (Studio Demo) , Nazareth,,
30 Days In A Hole (Live) , Humble Pie,,
Love Is Like Oxygen (Rare Studio Version) , Sweet,,
Flirtin' With Disaster (Live) , Molly Hatchet,,
Every Little Thing (BBC Radio Session) , Yes,,
Magic (Re-Recorded / Remastered) , Pilot,,
All The Young Dudes (Live) , Mott The Hoople,,
Spirit In The Sky , Elton John,,
Heat Of The Moment (Live) , Asia,,
On The Road (Re-Recorded / Remastered) , Canned Heat,,
Once Bitten Twice Shy (Re-Recorded / Remastered) , Great White,,
Boom, Boom (Out Go The Lights) ,,
Slow Ride (Live) , Foghat,,
Sister Christian (Live) , Night Ranger,,
Rock N' Roll Hoochie Coo (Re-Recorded / Remastered) , Rick Derringer,,
When The Children Cry (Original Studio Demo) , White Lion,,
Cat Scratch Fever (Live) , Rick Derringer,,
Tell The World , Ratt,,
Cherry Pie (Re-Recorded / Remastered) , Warrant,,
Every Rose Has Its Thorn , Bret Micheal (Poison),,
Magic Power , Triump,,
Love Hurts (Studio Demo) , Nazareth,,
Fox On The Run (Rare Studio Version) , Sweet,,
Summertime Blues (Live) , Blue Cheer,,
You Can't Put Your Arms Around A Memory , Johnny Thunders,,
Doctor Doctor , Michael Schenker Group,,
Kick Out The Jams (Original Uncensored Version 1968) , MC5,,
Cum On Feel The Noize (Re-Recorded / Remastered) , Quiet Riot,,
Gimme Some Lovin' (Finland '66) , The Spencer Davis Group,,
Saturday Night (Re-Recorded / Remastered) , Bay City Rollers,,
Devil's Answer , Atomic Rooster,,
Don't Let Him Know (Re-Recorded / Remastered) , Prism,,
Let's Live For Today (Re-Recorded / Remastered) , The Grass Roots,,
Devil With A Blue Dress On (Re-recorded / Remastered) , Mitch Ryder,,
Indian Reservation (Re-Recorded / Remastered) , Paul Revere & The Raiders,,
You Keep Me Hangin' On (Re-Recorded / Remastered) , Vanilla Fudge,,
Wild Thing (Re-Recorded / Remastered) , The Troggs,,
Sour Milk Sea , Jackie Lomax,,
Motorbikin' , Chris Spedding,,
I Don't Need No Doctor (Live) , Humble Pie,,
London Calling - Remastered , The Clash,,
Blitzkrieg Bop - Remastered Version , Ramones,,
Basket Case , Green Day,,
The Kids Aren't Alright , The Offspring,,
All The Small Things , blink-182,,
Anarchy In The U.K. , Sex Pistols,,
Superman , Goldfinger,,
Story of My Life , Social Distortion,,
Linoleum , NOFX,,
Thrash Unreal , Against Me!,,
Radio, Radio ,,
The Passenger , Iggy Pop,,
No Cigar , Millencolin,,
Kick Out The Jams (Original Uncensored Version) , MC5,,
Holiday in Cambodia , Dead Kennedys,,
Fat Lip , Sum 41,,
Savior , Rise Against,,
Miss Murder , AFI,,
Cherry Bomb , The Runaways,,
Time Bomb , Rancid,,
Last Caress , Misfits,,
Straight Edge , Minor Threat,,
Bob , NOFX,,
Fuck Authority , Pennywise,,
American Slang , The Gaslight Anthem,,
TV Party , Black Flag,,
New Noise , Refused,,
Hooray For Me , Pulley,,
Amoeba , Adolescents,,
Search and Destroy , The Stooges,,
Hope , Descendents,,
42506, Lagwagon,,
Trusty Chords , Hot Water Music,,
Analog , Strung Out,,
Ocean Avenue , Yellowcard,,
Sound System , Operation Ivy,,
Anti-Manifesto , Propagandhi,,
I Don't Wanna Be An Asshole Anymore , The Menzingers,,
Corona , Minutemen,,
You're Gonna Go Far, Kid ,,
Waiting Room , Fugazi,,
Banned In D.C. , Bad Brains,,
Gone , The Bouncing Souls,,
1985, Bowling For Soup,,
The Boys of Summer , The Ataris,,
I Wanna Be Your Dog , The Stooges,,
City Of Angels , The Distillers,,
The Impression That I Get , The Mighty Mighty Bosstones,,
Sonic Reducer , Dead Boys,,
I Wanna Be Sedated , Ramones,,
In The City , The Jam,,
Try Honesty , Billy Talent,,
Bastards of Young - 2008 Remastered Version , The Replacements,,
This Is the End (For You My Friend) , Anti-Flag,,
Friends & Traitors , Raised Fist,,
Ever Fallen in Love (With Someone You Shouldn't've?) - 1996 Remastered Version , Buzzcocks,,
Oh Bondage Up Yours! , X-Ray Spex,,
Prayer Of The Refugee , Rise Against,,
Personality Crisis , New York Dolls,,
Rebel Girl , Bikini Kill,,
Don't Want To Know If You Are Lonely , Hüsker Dü,,
I Was a Teenage Anarchist , Against Me!,,
New Rose , The Damned,,
World's On Heroin , All,,
Longview , Green Day,,
Don't Call Me White , NOFX,,
Rock 'N' Roll High School - Remastered , Ramones,,
Gotta Go , Agnostic Front,,
My Friends Over You , New Found Glory,,
American Idiot , Green Day,,
Rise Above , Black Flag,,
Everything Is Alright , Motion City Soundtrack,,
Institutionalized , Suicidal Tendencies,,
Can I Borrow Some Ambition? , Guttermouth,,
Pretend We're Dead , L7,,
Monsters , Matchbook Romance,,
Knifeman , The Bronx,,
Kids in America , The Muffs,,
Dumb Reminders , No Use For A Name,,
Nightlife , Off With Their Heads,,
Because the Night - Remastered , Patti Smith,,
Shoulder to the Wheel , Saves The Day,,
Cool Kids , Screeching Weasel,,
God Save The Queen , Sex Pistols,,
Dammit , blink-182,,
Self Esteem , The Offspring,,
Should I Stay or Should I Go - Remastered , The Clash,,
Los Angeles , X,,
I Was Wrong , Social Distortion,,
Ruby Soho , Rancid,,
Alternative Ulster , Stiff Little Fingers,,
Pretty Vacant , Sex Pistols,,
A.D.D. , Ten Foot Pole,,
Mercy Me , Alkaline Trio,,
Skate Or Die , Teenage Bottlerocket,,
La Tormenta , Los Fabulosos Cadillacs,,
Sin Documentos , Los Rodriguez,,
Crimen , Gustavo Cerati,,
La Muralla Verde , Los Enanitos Verdes,,
El Farolito , Los Piojos,,
Así Es La Vida , Elefante,,
No Voy en Tren , Charly García,,
Viento , Caifanes,,
Irresponsables , Babasónicos,,
Obsesión , Miguel Mateos,,
Como te extraño mi amor , Café Tacvba,,
Devuelveme A Mi Chica , Hombres G,,
El Microbito , Fobia,,
Frente A Frente , Bunbury,,
Te Quiero Igual , Andrés Calamaro,,
Vasos Vacíos , Los Fabulosos Cadillacs,,
Bonito , Jarabe De Palo,,
Mentira - Remastered , La Ley,,
Mariposa Tecknicolor , Fito Páez,,
El Amor Después del Amor , Fito Páez,,
La Lanza , Babasónicos,,
Entre Dos Tierras , Heroes Del Silencio,,
Frijolero , Molotov,,
La Que Me Gusta , Los Amigos Invisibles,,
Se Despierta La Ciudad , Vicentico,,
Lucha De Gigantes , Nacha Pop,,
A las Nueve , No Te Va Gustar,,
Escuela de Calor , Radio Futura,,
Atún , Ciro y los Persas,,
Imagina , Genitallica,,
Siento Que... , Jumbo,,
A Un Minuto De Ti , Mikel Erentxun,,
Triste Cancion , El Tri,,
Sr. Cobranza , Bersuit Vergarabat,,
Amnesia , Inspector,,
En El Muelle De San Blas , Maná,,
La Espada & la Pared , Los Tres,,
Enciendan los Parlantes , Los Auténticos Decadentes,,
La pachanga , Vilma Palma E Vampiros,,
Mi Agüita Amarilla , Los Toreros Muertos,,
Tren Al Sur , Los Prisioneros,,
Dormir Soñando , El Gran Silencio,,
En Algun Lugar , Duncan Dhu,,
De Mis Pasos , Julieta Venegas,,
No Dejes Que , Jaguares,,
Ja, Ja,,
Mala Vida , Mano Negra,,
Cuando Respiro en Tu Boca , Lucybell,,
Afuera , Caifanes,,
Las flores , Café Tacvba,,
Los Malaventurados No Lloran , PXNDX,,
Mil Horas , Los Abuelos De La Nada,,
Promesas Que no valen nada , Los Piratas,,
No Llora , El Cuarteto De Nos,,
Mentiras , Los Amigos Invisibles,,
Ella Estrella , La Gusana Ciega,,
La chispa adecuada (feat. León Larregui) - MTV Unplugged , Bunbury,,
Baracunatana , Aterciopelados,,
La Dosis Perfecta , Panteon Rococo,,
Nos Siguen Pegando Abajo , Charly García,,
Pachuco - Remasterizado , Maldita Vecindad Y Los Hijos Del 5to. Patio,,
Depende , Jarabe De Palo,,
Mil Horas , Andrés Calamaro,,
Lobo-Hombre En Paris , La Unión,,
Persiana Americana - Remasterizado 2007 , Soda Stereo,,
Atlas, Rise!,Metal,
Wasted Years - 1998 Remastered Version , Iron Maiden,,
Tornado Of Souls - 2004 Digital Remaster , Megadeth,,
Walk , Pantera,,
Holy Diver , Dio,,
Raining Blood , Slayer,,
Crazy Train - Remastered , Ozzy Osbourne,,
Painkiller , Judas Priest,,
Hot For Teacher , Van Halen,,
Metal Church , Metal Church,,
I Want Out , Helloween,,
Moth Into Flame , Metallica,,
The Toxic Waltz , Exodus,,
2 Minutes To Midnight - 1998 Remastered Version , Iron Maiden,,
Balls to the Wall , Accept,,
Princess of the Night , Saxon,,
Cowboys From Hell , Pantera,,
Sad But True , Metallica,,
A Dangerous Meeting , Mercyful Fate,,
South Of Heaven , Slayer,,
Overkill , Motörhead,,
Electric Eye , Judas Priest,,
Electric Crown , Testament,,
Master Of Puppets , Metallica,,
Kings Of Metal , Manowar,,
Tarot Woman , Rainbow,,
Cold Sweat , Thin Lizzy,,
Hardwired , Metallica,,
Run to the Hills - 1998 Remastered Version , Iron Maiden,,
Solitude , Candlemass,,
Victim Of Changes , Judas Priest,,
Battle Hymn , Manowar,,
Fight Fire With Fire , Metallica,,
Still Of The Night - 2007 Remastered Version , Whitesnake,,
Metal On Metal , Anvil,,
Symptom of the Universe , Black Sabbath,,
Where Eagles Dare - 1998 Remastered Version , Iron Maiden,,
N.I.B. , Black Sabbath,,
Wild Child , W.A.S.P.,,
Iron Man , Black Sabbath,,
We Rock , Dio,,
Metal Health (Bang Your Head) , Quiet Riot,,
Doctor Doctor , UFO,,
Can U Deliver , Armored Saint,,
Breaking The Chains , Dokken,,
Edge of Thorns , Savatage,,
Killed By Death , Motörhead,,
All We Are , Warlock,,
The Four Horsemen (Remastered) , Metallica,,
Learn to Fly , Foo Fighters,,
The Kids Aren't Alright , The Offspring,,
Killing In The Name - Remastered , Rage Against The Machine,,
Even Flow , Pearl Jam,,
Drive , Incubus,,
My Own Worst Enemy , Lit,,
Basket Case , Green Day,,
Man in the Box , Alice In Chains,,
Smells Like Teen Spirit , Nirvana,,
Tomorrow - Remastered , Silverchair,,
Freak On a Leash , Korn,,
The Distance , Cake,,
Loser , Beck,,
Two Princes , Spin Doctors,,
Semi-Charmed Life , Third Eye Blind,,
Shimmer - Single Version , Fuel,,
Inside Out , Eve 6,,
Down ,311,,
Everlong , Foo Fighters,,
Plush , Stone Temple Pilots,,
Alive , Pearl Jam,,
Ball and Chain , Social Distortion,,
Cannonball , The Breeders,,
Pretty Fly (For a White Guy) , The Offspring,,
The Freshmen , The Verve Pipe,,
Runaway Train , Soul Asylum,,
Only Happy When It Rains , Garbage,,
Brick , Ben Folds Five,,
Creep , Radiohead,,
Bulls On Parade , Rage Against The Machine,,
Girlfriend , Matthew Sweet,,
1979, The Smashing Pumpkins,,
Mmm Mmm Mmm Mmm , Crash Test Dummies,,
No Rain - 2002 - Remastered , Blind Melon,,
All I Want , Toad The Wet Sprocket,,
Wonderwall , Oasis,,
Bitter Sweet Symphony , The Verve,,
Criminal , Fiona Apple,,
Plowed , Sponge,,
Been Caught Stealing , Jane's Addiction,,
I Don't Know Anything , Mad Season,,
Sex And Candy , Marcy Playground,,
Buddy Holly , Weezer,,
Santa Monica , Everclear,,
Got the Life , Korn,,
Pure Massacre - Remastered , Silverchair,,
Jeremy , Pearl Jam,,
Lump , The Presidents Of The United States Of America,,
Mr. Jones , Counting Crows,,
Hallelujah , Jeff Buckley,,
Meet Virginia , Train,,
Never There , Cake,,
Superman , Goldfinger,,
Superman's Dead , Our Lady Peace,,
Little Miss Can't Be Wrong , Spin Doctors,,
All Mixed Up ,311,,
Just A Girl , No Doubt,,
Why Don't You Get a Job? , The Offspring,,
My Hero , Foo Fighters,,
Pardon Me , Incubus,,
No Excuses , Alice In Chains,,
River Of Deceit , Mad Season,,
Everything You Want , Vertical Horizon,,
The Beautiful People , Marilyn Manson,,
Standing Outside a Broken Phone Booth with Money in My Hand , Primitive Radio Gods,,
What I Got , Sublime,,
99 Red Balloons , Goldfinger,,
If I Can't Change Your Mind , Sugar,,
Nearly Lost You , Screaming Trees,,
Zombie , The Cranberries,,
I Will Survive , Cake,,
Hey Man, Nice Shot (Remastered Album Version) ,,
I Miss You , Incubus,,
Clean My Wounds , Corrosion Of Conformity,,
Closer , Nine Inch Nails,,
Would? , Alice In Chains,,
2 Wicky , Hooverphonic,,
Cut You In , Jerry Cantrell,,
When I Come Around , Green Day,,
Stars , Hum,,
She Don't Use Jelly , The Flaming Lips,,
Closing Time , Semisonic,,
S.O.B. , Nathaniel Rateliff & The Night Sweats,,
Douglas Douglass , Pearl and the Beard,,
Be My Husband , Sara Watkins,,
Water Fountain , tUnE-yArDs,,
Cups , Lulu & The Lampshades,,
Down To The River , The Duhks,,
All Is Love , Karen O And The Kids,,
Step Into My Office, Baby ,,
Housebroken Man , Quiet Life,,
All I Want Is You , Barry Louis Polisar,,
The Train That Carried My Gal From Town , Buddy Miller,,
Road To Nowhere , Release The Sunbird,,
I've Got A Dog And My Dog's Name Is Cat , Barry Louis Polisar,,
Adelaide , The Greencards,,
King of the World , First Aid Kit,,
Back To You , Twin Forks,,
My Best Friend , Hello Saferide,,
Ain't No Grave , Crooked Still,,
Rollin' Over , Skinny Lister,,
I Will Wait , Mumford & Sons,,
In Our Talons , Bowerbirds,,
Fuel The Fire , Sarah Jarosz,,
Ode to Work a Day , Boat To Row,,
Black Mountain Side , Led Zeppelin,,
Reggaetón Lento (Bailemos) , CNCO,,
Otra Vez (feat. J Balvin) , Zion & Lennox,,
Chantaje , Shakira,,
Safari , J Balvin,,
Gyal You A Party Animal - Remix , Charly Black,,
Vente Pa' Ca , Ricky Martin,,
Traicionera , Sebastian Yatra,,
Dile Que Tu Me Quieres , Ozuna,,
Bailame Despacio , Xantos,,
Vacaciones , Wisin,,
Shaky Shaky - Remix , Daddy Yankee,,
El Perdedor - The Remix , Maluma,,
El Chisme , Reykon,,
Mi Tesoro (feat. Nicky Jam) , Zion & Lennox,,
Ay Mi Dios , IAmChino,,
De Pies a Cabeza - Saga Remix , Maná,,
Me Llamas , Piso 21,,
Ya Me Enteré - Urban Version , Reik,,
Necesito Ayuda , Jacob Forever,,
Si Ella Quisiera (Remix) [feat. Yandel & Gadiel] , Justin Quiles,,
Manicomio , Cosculluela,,
Acércate (feat. Nicky Jam) - Remix , De La Ghetto,,
Te Quiero Pa´Mi , Don Omar,,
Quítate la Pena , Piso 21,,
Otra Copa (feat. Farruko) , Justin Quiles,,
Ruleta Rusa , Kevin Roldan,,
La Cómplice , Alexis & Fido,,
Si Me Dices Que Si (feat. Nicky Jam) , Cosculluela,,
La Bicicleta - Remix , Carlos Vives,,
Amor y Dolor (feat. Alexis & Fido) , Carlos Baute,,
Quédate - Remix , Andy Rivera,,
Playa y Arena (Remix) , Mark B.,,
Que Raro , Feid,,
Ya Quiero , Domino Saints,,
Encantadora - Remix , Yandel,,
Hello , Karol G,,
Bobo , J Balvin,,
DUELE EL CORAZON - Remix , Enrique Iglesias,,
Rico Suave , J Alvarez,,
Hasta el Amanecer - The Remix , Nicky Jam,,
Pierde Los Modales , J Balvin,,
Detras De Ti (Remix) [feat. Ozuna] , Jory Boy,,
Nos Olvidamos , Ken-Y,,
La Fila , Luny Tunes,,
Embriágame (feat. Don Omar) - Remix , Zion & Lennox,,
Andas En Mi Cabeza - Remix , Chino & Nacho,,
Borro Cassette , Maluma,,
La Oportunidad , Danny Romero,,
Hasta Que Se Seque el Malecón - Remix , Jacob Forever,,
Una en un Millón - Remix , Alexis & Fido,,
No Quiere Enamorarse (Remix) [feat. Daddy Yankee] , Ozuna,,
Lloraras , Oscar D'León,,
Yo No Se Manana , Luis Enrique,,
La Murga , Héctor Lavoe,,
La rebelion , Joe Arroyo,,
Conteo Regresivo - Salsa Version , Gilberto Santa Rosa,,
Flor Pálida , Marc Anthony,,
Micaela , Sonora Carruseles,,
Fabricando Fantasias - Salsa Version , Tito Nieves,,
La Agarro Bajando , Gilberto Santa Rosa,,
Desnúdate Mujer , Frankie Ruiz,,
He Tratado , Víctor Manuelle,,
Amores Como el Nuestro , Jerry Rivera,,
Gotas De Lluvia , Grupo Niche,,
Que Locura Enamorarme De Ti , Eddie Santiago,,
Aquel Lugar , Adolescent's Orquesta,,
Decisiones , Rubén Blades,,
Mi Media Mitad , Rey Ruiz,,
Oiga, Mire,,
Valió la Pena - Salsa Version , Marc Anthony,,
Cachondea , Fruko Y Sus Tesos,,
Tu Amor Me Hace Bien - Salsa Version , Marc Anthony,,
Conciencia , Gilberto Santa Rosa,,
Ven devorame otra vez , Lalo Rodriguez,,
Vivir lo nuestro , Marc Anthony,,
Anacaona , Fania All Stars,,
Un Verano En Nueva York , Andy Montañez,,
El Preso , Fruko Y Sus Tesos,,
Tu Con El , Frankie Ruiz,,
Aquél Viejo Motel , David Pabon,,
Ven Devórame Otra Vez , Lalo Rodriguez,,
El Dia De Suerte , Héctor Lavoe,,
Sin Sentimientos , Grupo Niche,,
Por Ella , Víctor Manuelle,,
Cinco Noches , Paquito Guzman,,
Te Va a Doler , Maelo Ruiz,,
El Cantante , Marc Anthony,,
Me Liberé , El Gran Combo De Puerto Rico,,
I Love Salsa , N'Klabe,,
Señora De Madrugada , Tito Rojas,,
No Me Acostumbro , Rey Ruiz,,
Lluvia , Eddie Santiago,,
Cali Pachanguero , Grupo Niche,,
La Quiero A Morir , D.L.G.,,
Cuando Se Juega Con Fuego , Luis Enrique,,
Comerte A Besos - Salsa Version , Frankie Negrón,,
Pirata - Original Version , Yiyo Sarante,,
Siempre Seré , Tito Rojas,,
Esa Mujer , Tony Vega,,
Tengo Ganas - Versión Salsa , Víctor Manuelle,,
Juliana , D.L.G.,,
Estos Celos , David Kada,,
Adicto a Tu Piel , Frankie Negrón,,
Pirata de Amor , Yanfourd,,
Amor Perfecto , Alex Matos,,
Vamonos Pal Monte , Eddie Palmieri,,
Qué Hay de Malo , Jerry Rivera,,
Estoy Confundido , Felix Manuel,,
Una Aventura , Grupo Niche,,
Tu Sin Mi , Jehu El Rey,,
Qué Se Siente , Rolf Sanchez,,
Corazón Sin Cara , Prince Royce,,
Propuesta Indecente , Romeo Santos,,
Te Extraño - Bachata Version , Xtreme,,
Hoja En Blanco , Monchy & Alexandra,,
El malo , Aventura,,
Solo Quise Quererte , Kewin Cosmos,,
Me Puedo Matar (feat. Hactor Acosta) , Bachata Heightz,,
La Mejor de Todas , Zacarias Ferreira,,
Eres Mía , Romeo Santos,,
Darte un Beso , Prince Royce,,
24 Horas , 24 Horas,,
Quiereme , Johnny Sky,,
Te Robaré , Prince Royce,,
Tengo un Amor , Toby Love,,
Infiel , Karlos Rosé,,
Llévame Contigo , Romeo Santos,,
El Pobre (Remix) [feat. Luis Vargas] , Chiko Swagg,,
Dile al amor , Aventura,,
Cuanto Duele , Carlos y Alejandra,,
Vagabundo, Borracho y Loco ,,
Solita , Prince Royce,,
Debate De 4 , Romeo Santos,,
Tu Eres Ajena , Frank Reyes,,
Que Ironía (Versión Bachata) , Andy Andy,,
Poquito A Poquito , Henry Santos,,
Los infieles , Aventura,,
El Cuchillo , Optimo,,
Necio , Romeo Santos,,
La Carretera , Prince Royce,,
Loco De Amor , Luis Vargas,,
Obsesion , Aventura,,
Cancioncitas de Amor , Romeo Santos,,
Culpa al Corazón , Prince Royce,,
Donde Estan Esos Amigos , El Chaval,,
Donde Estara , Antony Santos,,
Hilito , Romeo Santos,,
Perdidos , Monchy & Alexandra,,
Culpables , Liza + Willie,,
Inocente , Romeo Santos,,
24 Horas , Frank Reyes,,
Nereyda , Raulin Rodriguez,,
Me Voy (feat. Romeo Santos) ," Hector Acosta ""El Torito""",,
No Es una Novela , Monchy & Alexandra,,
Por Tu Culpa , 24 Horas,,
El Aire Que Respiro , Toby Love,,
Tatuaje , Elvis Crespo,,
Just The Way You Are , Karlos Rosé,,
No Tengo Suerte En El Amor , Yoskar Sarante,,
La Bella Y La Bestia , Romeo Santos,,
Diez Segundos , Zacarias Ferreira,,
