artista,genero,,
Aaron Y Su Grupo Ilusion,Cumbia,,
Los Yaguaru,Cumbia,,
Los 50 De Joselito,Cumbia,,
Celso Pina,Cumbia,,
Los Dinamiteros de Colombia,Cumbia,,
Orquesta De Edmundo Arias,Cumbia,,
Conjunto Los Rumberos,Cumbia,,
Climaco Sarmiento Y Su Orquesta,Cumbia,,
Super Orquesta Cartagena,Cumbia,,
Los Caciques del Valle,Cumbia,,
Andres Landero,Cumbia,,
Jimmy Y Su Combo Negro,Cumbia,,
Sonora Tropicana,Cumbia,,
Aniceto Molina,Cumbia,,
Los Warahuaco,Cumbia,,
El Combo De Las Estrellas,Cumbia,,
Gustavo Quintero,Cumbia,,
Alfredo Gutierrez,Cumbia,,
Nelson Henriquez,Cumbia,,
Pastor Lopez,Cumbia,,
Jorge Celedón,Cumbia,,
Rodolfo y su Típica RA7,Cumbia,,
Gabriel Romero,Cumbia,,
Sonora Everest,Cumbia,,
Armando Hernandez,Cumbia,,
Nelson Y Sus Estrellas,Cumbia,,
Anibal Velasquez Y Su Conjunto,Cumbia,,
Gabriel Romero Y Su Orquesta,Cumbia,,
Chicos de Barrio,Cumbia,,
Rayito Colombiano,Cumbia,,
La Sonora Cordobesa,Cumbia,,
Lisandro Meza,Cumbia,,
La Sonora Dinamita,Cumbia,,
Simba Musical,Cumbia,,
Afrosound,Cumbia,,
Antonio Rivas,Cumbia,,
Efrén David Rivera,Cumbia,,
Luis Ornelas y su Grupo,Cumbia,,
Lisandro Meza Y Su Conjunto,Cumbia,,
Los Acosta,Cumbia,,
Grupo Kual?,Cumbia,,
La More,Cumbia,,
Grupo Cañaveral De Humberto Pabón,Cumbia,,
Los Socios Del Ritmo,Cumbia,,
Grupo Bryndis,Cumbia,,
Roberto Moron Y Su Atentado Internacional,Cumbia,,
Los Llayras,Cumbia,,
Los Telez,Cumbia,,
La Tropa Vallenata,Cumbia,,
Samuray,Cumbia,,
Los Angeles Azules,Cumbia,,
Ladron,Cumbia,,
Los Angeles De Charly,Cumbia,,
Grupo Sonador,Cumbia,,
Chucho Ponce Los Daddys de Chinantla,Cumbia,,
Grupo Mojado,Cumbia,,
La Revancha,Cumbia,,
Alberto Pedraza,Cumbia,,
Los Acaboy's,Cumbia,,
Los Tigrillos,Cumbia,,
Los Mier,Cumbia,,
Los Askis,Cumbia,,
Grupo Pegasso,Cumbia,,
Grupo G,Cumbia,,
Los Yes Yes,Cumbia,,
Tom Zanetti,House,,
John Gibbons,House,,
Disciples,House,,
Mark Knight,House,,
Low Steppa,House,,
Duke Dumont,House,,
Lee Walker,House,,
99 Souls,House,,
Eden Prince,House,,
Secondcity,House,,
Oliver Heldens,House,,
KDA,House,,
Gorgon City,House,,
Blonde,House,,
Ben Pearce,House,,
Years & Years,House,,
Kideko,House,,
Black Saint,House,,
Hannah Wants,House,,
Kattison,House,,
Lushington,House,,
Riton,House,,
Metroplane,House,,
Hot Since 82,House,,
Julio Bashmore,House,,
Billon,House,,
Kokiri,House,,
Endor,House,,
Dusky,House,,
Zac Samuel,House,,
Jax Jones,House,,
Tough Love,House,,
Ryan Blyth,House,,
Icarus,House,,
TCTS,House,,
Breach,House,,
My Digital Enemy,House,,
Example,House,,
Friend Within,House,,
Disclosure,House,,
Matoma,House,,
DJ Cameo,House,,
Shadow Child,House,,
Ku De Ta,House,,
 Fabich Remix,House,,
Chris Lorenzo,House,,
Apexape,House,,
Punctual,House,,
Tuff London,House,,
Mike Perry,House,,
State of Sound,House,,
Martin Jensen,House,,
KLYMVX,House,,
EC Twins,House,,
Remady,House,,
Ftampa,House,,
FRENSHIP,House,,
Lost Frequencies,House,,
Klingande,House,,
Oceans,House,,
CVBZ,House,,
James Arthur,House,,
Starley,House,,
Campsite Dream,House,,
SJUR,House,,
Sam Feldt,House,,
Craig David,House,,
Broken Back,House,,
Mahmut Orhan,House,,
Maybon,House,,
filous,House,,
Dante Klein,House,,
MUNA,House,,
ZHU,House,,
Kygo,House,,
Tep No,House,,
NOËP,House,,
LCAW,House,,
Comet Blue,House,,
Major Lazer,House,,
MIKVH,House,,
Purasangre,House,,
Alle Farben,House,,
Tiësto,House,,
Tez Cadey,House,,
Alicia Keys,House,,
Alan Walker,House,,
Sondr,House,,
Imany,House,,
Bakermat,House,,
Marcus Layton,House,,
Embody,House,,
TooManyLeftHands,House,,
Izzy Bizu,House,,
Julian Perretta,House,,
Cheat Codes,House,,
Nathan Goshen,House,,
Charming Horses,House,,
Mako,House,,
Dillon Francis,House,,
Bearson,House,,
Kaskade,House,,
Steve Aoki,House,,
Yall,House,,
Tom Redwood,House,,
PANG!,House,,
Tom Odell,House,,
Emma Bale,House,,
LISTENBEE,House,,
Damien Jurado,House,,
SNBRN,House,,
OMI,House,,
Alex Adair,House,,
Snakehips,House,,
Lily & Madeleine,House,,
Mr. Probz,House,,
Tatomed,Techno,,
Oscar L,Techno,,
Como Sea,Techno,,
Jose M.,Techno,,
Protocluster,Techno,,
Noir & Hayze,Techno,,
Marc Romboy,Techno,,
Fur Coat,Techno,,
Emanuel Satie,Techno,,
Coyu,Techno,,
Whilk & Misky,Techno,,
Cristoph,Techno,,
Jonas Rathsman,Techno,,
Modul Kollektiv,Techno,,
Giorgio Maulini,Techno,,
Beatamines,Techno,,
Marcos Cruz,Techno,,
Yves Murasca,Techno,,
Kidnap Kid,Techno,,
Sam Paganini,Techno,,
Matador,Techno,,
Dubfire,Techno,,
Nina Kraviz,Techno,,
Sacha Robotti,Techno,,
WhoMadeWho,Techno,,
Barber,Techno,,
Loco Dice,Techno,,
The/Das,Techno,,
Noir,Techno,,
Detlef,Techno,,
Joseph Gaex,Techno,,
Wehbba,Techno,,
Jamie Jones,Techno,,
Popof,Techno,,
Bob Moses,Techno,,
Henry Saiz,Techno,,
Justin Jay,Techno,,
Moonwalk,Techno,,
Adriatique,Techno,,
Nicole Moudaber,Techno,,
Julian Jeweil,Techno,,
Recondite,Techno,,
Adam Beyer,Techno,,
Marco Carola,Techno,,
Anna,Techno,,
Loco & Jam,Techno,,
Olivier Giacomotto,Techno,,
Romero,Techno,,
Adrian Hour,Techno,,
Flow & Zeo,Techno,,
Stefano Noferini,Techno,,
Damian Lazarus,Techno,,
Eagles & Butterflies,Techno,,
Danny Daze,Techno,,
Tiga,Techno,,
Viels,Techno,,
Fran Rives,Techno,,
Victor Ruiz,Techno,,
Koen Groeneveld,Techno,,
Nile Rodgers,Techno,,
Axel Boman,Techno,,
Luca Debonaire,Techno,,
Eminence,Techno,,
Joseph Capriati,Techno,,
Eddie Amador,Techno,,
Sven Väth,Techno,,
Pan-Pot,Techno,,
Gaiser,Techno,,
Andrea Oliva,Techno,,
Ben Klock,Techno,,
Julia Govor,Techno,,
Sailor & I,Techno,,
Marco Molina,Techno,,
Prok & Fitch,Techno,,
Matt Lange,Techno,,
UMEK,Techno,,
Drezo,Techno,,
Joran Van Pol,Techno,,
Ronnie Spiteri,Techno,,
Bart Skils,Techno,,
Wolfgang Gartner,Techno,,
Gina Turner,Techno,,
Alberto Ruiz,Techno,,
Mark Farina,Techno,,
Boys Noize,Techno,,
Alan Fitzpatrick,Techno,,
Hugo Massien,Techno,,
Claudio Bruno,Techno,,
Pig & Dan,Techno,,
Krankbrother,Techno,,
System 7,Techno,,
Pascal Hetzel,Techno,,
Roel Salemink,Techno,,
Mat.Joe,Techno,,
Filterheadz,Techno,,
Dioneli,Techno,,
Black Caviar,Techno,,
Eats Everything,Techno,,
Michael Woods,Techno,,
Idriss D,Techno,,
Him_Self_Her,Techno,,
Carl Cox,Techno,,
Dj 3000,Techno,,
Kollektiv Turmstrasse,Techno,,
Latmun,Techno,,
Luca M,Techno,,
Pleasurekraft,Techno,,
Cirez D,Techno,,
Plastikman,Techno,,
Weiss (UK),Techno,,
John Monkman,Techno,,
Danny Tenaglia,Techno,,
Ali Wilson,Techno,,
Pryda,Techno,,
Robbie Rivera,Techno,,
Paul Ritch,Techno,,
Lupe Fuentes,Techno,,
Pele,Techno,,
DJ Dozia,Techno,,
Tube & Berger,Techno,,
Technasia,Techno,,
Maceo Plex,Techno,,
Booka Shade,Techno,,
Noha,Techno,,
ATTLAS,Techno,,
Cut Snake,Techno,,
Dirty South,Techno,,
Josh Butler,Techno,,
Luke Garcia,Techno,,
DJ PP,Techno,,
NY's Finest,Techno,,
Per Hammar,Techno,,
Format:B,Techno,,
Ten Walls,Techno,,
Kevin Saunderson,Techno,,
Drumcomplex,Techno,,
Dazzo,Techno,,
Piecey,Techno,,
Reset Robot,Techno,,
Lane 8,Techno,,
Sannie,Techno,,
Yotto,Techno,,
Jimi Polo,Techno,,
Louisahhh!!!,Techno,,
Sian,Techno,,
Valy Mo,Techno,,
Paul Harris,Techno,,
Tato,Techno,,
Madame,Techno,,
Schuhmacher,Techno,,
High Math,Techno,,
The Mambo Brothers,Techno,,
John Askew,Techno,,
The Alexsander,Techno,,
Velvit,Techno,,
Kevin Knapp,Techno,,
Trevino,Techno,,
Taiki Nulight,Techno,,
THNK,Techno,,
Ardalan,Techno,,
Harry Romero,Techno,,
Matt Smallwood,Techno,,
One Six,Techno,,
Rag'n'Bone Man,Drum and Bass,,
Matrix & Futurebound,Drum and Bass,,
Eva Simons,Drum and Bass,,
Shapeshifter NZ,Drum and Bass,,
The Prodigy,Drum and Bass,,
Sub Focus,Drum and Bass,,
Netsky,Drum and Bass,,
Tritonal,Drum and Bass,,
Delta Heavy,Drum and Bass,,
Jarryd James,Drum and Bass,,
Sigma,Drum and Bass,,
TC,Drum and Bass,,
Cadenza,Drum and Bass,,
Emeli Sandé,Drum and Bass,,
Utah Jazz,Drum and Bass,,
Chase & Status,Drum and Bass,,
Fred V & Grafix,Drum and Bass,,
Rainer + Grimm,Drum and Bass,,
Drumsound & Bassline Smith,Drum and Bass,,
WRLD,Drum and Bass,,
Noisestorm,Drum and Bass,,
Metrik,Drum and Bass,,
Droptek,Drum and Bass,,
Logistics,Drum and Bass,,
Star.One,Drum and Bass,,
Krakota,Drum and Bass,,
North Base,Drum and Bass,,
Wilkinson,Drum and Bass,,
Technimatic,Drum and Bass,,
MNEK,Drum and Bass,,
DC Breaks,Drum and Bass,,
Jerome Price,Drum and Bass,,
Dexcell,Drum and Bass,,
WiDE AWAKE,Drum and Bass,,
deadmau5,Drum and Bass,,
Brookes Brothers,Drum and Bass,,
Futuristik,Drum and Bass,,
Urbandawn,Drum and Bass,,
Sigala,Drum and Bass,,
1991,Drum and Bass,,
DJ Hazard,Drum and Bass,,
Alix Perez,Drum and Bass,,
Whiney,Drum and Bass,,
Protoje,Drum and Bass,,
NCT,Drum and Bass,,
Hybrid Minds,Drum and Bass,,
Dabin,Drum and Bass,,
Jauz,Drum and Bass,,
Dawn Wall,Drum and Bass,,
Pola & Bryson,Drum and Bass,,
Fais,Drum and Bass,,
Macca (DNB),Drum and Bass,,
Dossa & Locuzzed,Drum and Bass,,
Hugh Hardie,Drum and Bass,,
Ady Suleiman,Drum and Bass,,
Dimension,Drum and Bass,,
Rae Sremmurd,Rap/Hip Hop,,
Drake,Rap/Hip Hop,,
The Weeknd,Rap/Hip Hop,,
21 Savage,Rap/Hip Hop,,
Big Sean,Rap/Hip Hop,,
A$AP Mob,Rap/Hip Hop,,
Migos,Rap/Hip Hop,,
Rick Ross,Rap/Hip Hop,,
Lil Uzi Vert,Rap/Hip Hop,,
Kodak Black,Rap/Hip Hop,,
Young M.a.,Rap/Hip Hop,,
Meek Mill,Rap/Hip Hop,,
Russ,Rap/Hip Hop,,
Rob $tone,Rap/Hip Hop,,
2 Chainz,Rap/Hip Hop,,
Young Thug,Rap/Hip Hop,,
Aminé,Rap/Hip Hop,,
A Tribe Called Quest,Rap/Hip Hop,,
Tory Lanez,Rap/Hip Hop,,
Dave,Rap/Hip Hop,,
Belly,Rap/Hip Hop,,
DJ Esco,Rap/Hip Hop,,
Future,Rap/Hip Hop,,
Madeintyo,Rap/Hip Hop,,
Dae Dae,Rap/Hip Hop,,
A Boogie Wit da Hoodie,Rap/Hip Hop,,
Gucci Mane,Rap/Hip Hop,,
O.T. Genasis,Rap/Hip Hop,,
Fetty Wap,Rap/Hip Hop,,
Desiigner,Rap/Hip Hop,,
Lil Yachty,Rap/Hip Hop,,
PnB Rock,Rap/Hip Hop,,
Kendrick Lamar,Rap/Hip Hop,,
Chance The Rapper,Rap/Hip Hop,,
D.R.A.M.,Rap/Hip Hop,,
Joey Bada$$,Rap/Hip Hop,,
Starrah,Rap/Hip Hop,,
Fat Joe,Rap/Hip Hop,,
Bryson Tiller,Rap/Hip Hop,,
Giggs,Rap/Hip Hop,,
Zay Hilfigerrr,Rap/Hip Hop,,
Tyga,Rap/Hip Hop,,
JAY Z,Rap/Hip Hop,,
Chip,Rap/Hip Hop,,
Abra Cadabra,Rap/Hip Hop,,
Kanye West,Rap/Hip Hop,,
ScHoolboy Q,Rap/Hip Hop,,
The Game,Rap/Hip Hop,,
A$AP Rocky,Rap/Hip Hop,,
Skepta,Rap/Hip Hop,,
Eminem,Rap/Hip Hop,,
Wiz Khalifa,Rap/Hip Hop,,
Krept & Konan,Rap/Hip Hop,,
Skrillex,Rap/Hip Hop,,
Dr. Dre,Rap/Hip Hop,,
French Montana,Rap/Hip Hop,,
Lil Wayne,Rap/Hip Hop,,
Kano,Rap/Hip Hop,,
PARTYNEXTDOOR,Rap/Hip Hop,,
DMX,Rap/Hip Hop,,
The Notorious B.I.G.,Rap/Hip Hop,,
 Sad Ting,Rap/Hip Hop,,
Sinead Harnett,R&B,,
Joe Hertz,R&B,,
Nylo,R&B,,
Khalid,R&B,,
Aquilo,R&B,,
Xavier Omär,R&B,,
JAHKOY,R&B,,
Abhi//Dijon,R&B,,
Moods,R&B,,
Mura Masa,R&B,,
R.LUM.R,R&B,,
Daniel Caesar,R&B,,
Zuma,R&B,,
Opia,R&B,,
Sango,R&B,,
SaÍgo,R&B,,
MIKNNA,R&B,,
Couros,R&B,,
Tom Misch,R&B,,
Sofi de la Torre,R&B,,
Dana,R&B,,
Ella Mai,R&B,,
Connor Pearson,R&B,,
Toulouse,R&B,,
Kevin Garrett,R&B,,
Dessert,R&B,,
Mansa,R&B,,
THEY.,R&B,,
RAY BLK,R&B,,
SIBA,R&B,,
dvsn,R&B,,
Jeffrey James,R&B,,
Jarrod Milton,R&B,,
Ravyn Lenae,R&B,,
Yuna,R&B,,
Frost,R&B,,
FKJ,R&B,,
Beach Season,R&B,,
A.CHAL,R&B,,
Kiiara,R&B,,
Chris McClenney,R&B,,
Allan Rayman,R&B,,
Ta-ku,R&B,,
Noname,R&B,,
QUIÑ,R&B,,
St. Beauty,R&B,,
Kranium,R&B,,
Chris Brown,R&B,,
J-Soul,R&B,,
Cashmere Cat,R&B,,
Ramriddlz,R&B,,
Z,R&B,,
Ayo Jay,R&B,,
Roy Woods,R&B,,
Sean Paul,R&B,,
Rihanna,R&B,,
Aanysa,R&B,,
DJ Mustard,R&B,,
Ariana Grande,R&B,,
Trey Songz,R&B,,
Niykee Heaton,R&B,,
Jeremih,R&B,,
Tinashe,R&B,,
K. Forest,R&B,,
Seth Dyer,R&B,,
Post Malone,R&B,,
Bruno Mars,R&B,,
Wyclef Jean,R&B,,
Kehlani,R&B,,
David Correy,R&B,,
Childish Gambino,R&B,,
Keshia Chanté,R&B,,
Anders,R&B,,
S.L.M.N,R&B,,
Plaza,R&B,,
6LACK,R&B,,
VALNTN,R&B,,
Jhene Aiko,R&B,,
Saya,R&B,,
John Legend,R&B,,
Aaron Camper,R&B,,
Rojo,Gospel/Música Cristiana,,
Rescate,Gospel/Música Cristiana,,
Zona 7,Gospel/Música Cristiana,,
Benjamin Rivera,Gospel/Música Cristiana,,
Kyosko,Gospel/Música Cristiana,,
Pablo Olivares,Gospel/Música Cristiana,,
Christine D'Clario,Gospel/Música Cristiana,,
Pescao Vivo,Gospel/Música Cristiana,,
Hillsong United,Gospel/Música Cristiana,,
Strike 3,Gospel/Música Cristiana,,
Gerry Marquez,Gospel/Música Cristiana,,
Vertical,Gospel/Música Cristiana,,
Marco Barrientos,Gospel/Música Cristiana,,
David Scarpeta,Gospel/Música Cristiana,,
Metamorffosis,Gospel/Música Cristiana,,
Ingrid Rosario,Gospel/Música Cristiana,,
Cristo Para Las Naciones Band,Gospel/Música Cristiana,,
Santo Remedio,Gospel/Música Cristiana,,
Blest,Gospel/Música Cristiana,,
Renacer,Gospel/Música Cristiana,,
Su Presencia,Gospel/Música Cristiana,,
La voz del desierto,Gospel/Música Cristiana,,
Padre Jony,Gospel/Música Cristiana,,
Logos,Gospel/Música Cristiana,,
En Espíritu Y En Verdad,Gospel/Música Cristiana,,
Exegesis,Gospel/Música Cristiana,,
Micmas,Gospel/Música Cristiana,,
Rosa de Saron,Gospel/Música Cristiana,,
Banda Generasion,Gospel/Música Cristiana,,
Eclipse,Gospel/Música Cristiana,,
D-Mente,Gospel/Música Cristiana,,
Generación 12,Gospel/Música Cristiana,,
Identidad,Gospel/Música Cristiana,,
Revoluzion Estereo,Gospel/Música Cristiana,,
180 Grados,Gospel/Música Cristiana,,
Jesus Culture,Gospel/Música Cristiana,,
Hillsong Worship,Gospel/Música Cristiana,,
Casting Crowns,Gospel/Música Cristiana,,
Crowder,Gospel/Música Cristiana,,
000 Reasons (Bless the Lord) [feat. Matt Redman] [Live],Gospel/Música Cristiana,,
New Life Worship,Gospel/Música Cristiana,,
Elevation Worship,Gospel/Música Cristiana,,
Gungor,Gospel/Música Cristiana,,
Matt Maher,Gospel/Música Cristiana,,
Passion,Gospel/Música Cristiana,,
Kalley Heiligenthal,Gospel/Música Cristiana,,
Kristene Dimarco,Gospel/Música Cristiana,,
Jeremy Riddle,Gospel/Música Cristiana,,
Jenn Johnson,Gospel/Música Cristiana,,
Kari Jobe,Gospel/Música Cristiana,,
Matt Stinton,Gospel/Música Cristiana,,
Chris Tomlin,Gospel/Música Cristiana,,
All Sons & Daughters,Gospel/Música Cristiana,,
Bryan & Katie Torwalt,Gospel/Música Cristiana,,
Kim Walker-Smith,Gospel/Música Cristiana,,
Hillsong Chapel,Gospel/Música Cristiana,,
 We Love You (Live),Gospel/Música Cristiana,,
Christy Nockels,Gospel/Música Cristiana,,
Charlie Hall,Gospel/Música Cristiana,,
Jonathan David,Gospel/Música Cristiana,,
Desperation Band,Gospel/Música Cristiana,,
Bethel Music,Gospel/Música Cristiana,,
Michael W. Smith,Gospel/Música Cristiana,,
Big Daddy Weave,Gospel/Música Cristiana,,
Hillsong Young & Free,Gospel/Música Cristiana,,
Darlene Zschech,Gospel/Música Cristiana,,
Steffany Frizzell Gretzinger,Gospel/Música Cristiana,,
Amanda Cook,Gospel/Música Cristiana,,
David Hazeltine,Jazz,,
John Coltrane,Jazz,,
Esbjörn Svensson Trio,Jazz,,
Enrico Pieranunzi,Jazz,,
Eric Reed,Jazz,,
Grace Kelly,Jazz,,
Charles Mingus,Jazz,,
John Moulder,Jazz,,
The Hot Sardines,Jazz,,
 and You Were So Beautiful,Jazz,,
Stanley Turrentine,Jazz,,
Joey Alexander,Jazz,,
Bill Mobley,Jazz,,
Phil Woods,Jazz,,
Joshua Redman,Jazz,,
Mulgrew Miller,Jazz,,
Various Artists,Jazz,,
Miles Davis,Jazz,,
Wynton Marsalis,Jazz,,
Seamus Blake,Jazz,,
Scott Hamilton,Jazz,,
Marcus Gilmore,Jazz,,
Beegie Adair,Jazz,,
Bill Charlap,Jazz,,
McCoy Tyner,Jazz,,
Julian Dash,Jazz,,
Jan Lundgren Trio,Jazz,,
Kenny Garrett,Jazz,,
Lou Donaldson,Jazz,,
Tommy Flanagan,Jazz,,
Dan Cray Trio,Jazz,,
Ibrahim Maalouf,Jazz,,
Brad Mehldau Trio,Jazz,,
Marcus Roberts,Jazz,,
Bill Evans,Jazz,,
Roy Hargrove,Jazz,,
Bob Berg,Jazz,,
Joe Lovano,Jazz,,
Christian Scott,Jazz,,
Lee Morgan,Jazz,,
Jacky Terrasson,Jazz,,
Art Pepper,Jazz,,
Branford Marsalis,Jazz,,
Johnny Hodges,Jazz,,
Christian McBride,Jazz,,
Teddy Wilson,Jazz,,
Xavier Davis,Jazz,,
Oscar Peterson Trio,Jazz,,
Gene Ammons,Jazz,,
Anthony Wonsey Trio,Jazz,,
Stan Getz,Jazz,,
Ray Bryant,Jazz,,
Ben Webster,Jazz,,
Gary Smith,Jazz,,
Herbie Hancock,Jazz,,
Duke Ellington,Jazz,,
Quincy Jones,Jazz,,
Wes Montgomery,Jazz,,
Bill Evans Trio,Jazz,,
Dexter Gordon,Jazz,,
Bengt Hallberg,Jazz,,
Art Blakey & The Jazz Messengers,Jazz,,
Bobby Hutcherson,Jazz,,
Branford Marsalis Quartet,Jazz,,
Etta James,Jazz,,
Betty Carter,Jazz,,
Bert Kaempfert,Jazz,,
Coleman Hawkins,Jazz,,
Bud Powell,Jazz,,
Julie London,Jazz,,
Alfredo Rodriguez,Jazz,,
 My Dear,Jazz,,
Vince Guaraldi Trio,Jazz,,
Charlie Parker,Jazz,,
The Dave Brubeck Quartet,Jazz,,
Stacey Kent,Jazz,,
Cannonball Adderley,Jazz,,
Chet Baker,Jazz,,
Louis Armstrong,Jazz,,
Nancy Wilson,Jazz,,
Sonny Rollins,Jazz,,
Chris Botti,Jazz,,
Clifford Brown,Jazz,,
Kenny Wayne Shepherd,Blues,,
Philip Sayce Group,Blues,,
Henrik Freischlader Trio,Blues,,
Paulo Mendonca,Blues,,
Tony Spinner,Blues,,
Cry Of Love,Blues,,
Richie Kotzen,Blues,,
Bernard Allison,Blues,,
Simon McBride,Blues,,
Ana Popovic,Blues,,
Phat Phunktion,Blues,,
Henrik Freischlader,Blues,,
Anthony Gomes,Blues,,
Mike Zito,Blues,,
Shannon Curfman,Blues,,
Oli Brown,Blues,,
Gov't Mule,Blues,,
Jonny Lang,Blues,,
Alvin Youngblood Hart,Blues,,
Bryce Janey,Blues,,
Joanne Shaw Taylor,Blues,,
Edwin McCain,Blues,,
Gugun Power Trio,Blues,,
Saint Jude,Blues,,
Joe Bonamassa,Blues,,
Albert King,Blues,,
Muddy Waters,Blues,,
Howlin' Wolf,Blues,,
John Lee Hooker,Blues,,
B.B. King,Blues,,
Buddy Guy,Blues,,
Lightnin' Hopkins,Blues,,
Elmore James,Blues,,
Little Walter,Blues,,
Son House,Blues,,
Sonny Boy Williamson II,Blues,,
T-Bone Walker,Blues,,
Freddie King,Blues,,
Ray Charles,Blues,,
Willie Dixon,Blues,,
Otis Rush,Blues,,
Bo Diddley,Blues,,
Otis Spann,Blues,,
Bob Marley & The Wailers,Reggae,,
Third World,Reggae,,
Shinehead,Reggae,,
Peter Tosh,Reggae,,
 No,Reggae,,
Joss Stone,Reggae,,
Beenie Man,Reggae,,
Ziggy Marley,Reggae,,
Alborosie,Reggae,,
Gregory Isaacs,Reggae,,
UB40,Reggae,,
Toots & The Maytals,Reggae,,
Avicii,Reggae,,
Beres Hammond,Reggae,,
Ziggy Marley & The Melody Makers,Reggae,,
 Country Roads,Reggae,,
Shurwayne Winchester,Reggae,,
Kevin Michael feat. Wyclef Jean,Reggae,,
Black Uhuru,Reggae,,
Burning Spear,Reggae,,
Sizzla,Reggae,,
Grace Jones,Reggae,,
Laid Back,Reggae,,
Delroy Wilson,Reggae,,
Duane Stephenson,Reggae,,
Shaggy,Reggae, Leroy Sibbles, Freddie McGregor
Tanya Stephens,Reggae,,
Alpha Blondy,Reggae,,
Capleton,Reggae,,
Stephen Marley,Reggae,,
Jah Cure,Reggae,,
 I Love Your Way,Reggae,,
Junior Kelly,Reggae,,
10cc,Reggae,,
Matisyahu,Reggae,,
Max Romeo,Reggae,,
Damian Marley,Reggae,,
The Wailers,Reggae,,
Inner Circle,Reggae,,
Kevin Lyttle,Reggae,,
Apache Indian,Reggae,,
Gentleman,Reggae,,
John Holt,Reggae,,
Ini Kamoze,Reggae,,
Collie Buddz,Reggae,,
Rita Marley,Reggae,,
Junior Murvin,Reggae,,
 Stand Up,Reggae,,
 Jah Cure,Reggae,,
Yellowman,Reggae,,
Barrington Levy,Reggae,,
Wayne Wade,Reggae,,
Pato Banton,Reggae,,
Marcia Griffiths,Reggae,,
Chaka Demus & Pliers,Reggae,,
Pablo Moses,Reggae,,
Lionel Richie,Reggae,,
Anthony B,Reggae,,
Buju Banton,Reggae,,
Maxi Priest,Reggae,,
Culture,Reggae,,
Magic!,Reggae,,
U-Roy,Reggae,,
Jacob Miller,Reggae,,
Miike Snow,Reggae,,
Jimmy Cliff,Reggae,,
Rico,Reggae,,
Lutan Fyah,Reggae,,
Cultura Profética,Reggae,,
Mystical Fyah,Reggae,,
Fyahbwoy,Reggae,,
Dread Mar I,Reggae,,
Los Cafres,Reggae,,
Gondwana,Reggae,,
Raggabund,Reggae,,
Nonpalidece,Reggae,,
Fidel Nadal,Reggae,,
Kameleba,Reggae,,
Quique Neira,Reggae,,
Mad Division feat. Morodo & Keishal & Squid,Reggae,,
Laguna Pai,Reggae,,
Yerberos,Reggae,,
Manu Chao,Reggae,,
Alika,Reggae,,
Resistencia Suburbana,Reggae,,
Gomba Jahbari,Reggae,,
Bahiano,Reggae,,
Riddim,Reggae,,
Intoxicados,Reggae,,
El Natty Combo,Reggae,,
Lengualerta,Reggae,,
Movimiento Original,Reggae,,
 amarillo y rojo,Reggae,,
Cañaman,Reggae,,
Sumo,Reggae,,
Morodo,Reggae,,
Chulito Camacho,Reggae,,
Vicente Garcia,Reggae,,
Les Babacools,Reggae,,
B-Side Players,Reggae,,
Quinto Sol,Reggae,,
Big Mountain,Reggae,,
Kapanga,Reggae,,
Los Pericos,Reggae,,
King Chango,Reggae,,
Mad Professor,Reggae,,
Locos Por Juana,Reggae,,
Banda Sinaloense MS de Sergio Lizárraga,Banda,,
La Adictiva Banda San José de Mesillas,Banda,,
Crecer German,Banda,,
Banda Los Recoditos,Banda,,
La Septima Banda,Banda,,
Ulices Chaidez Y Sus Plebes,Banda,,
El Komander,Banda,,
Calibre 50,Banda,,
Julión Álvarez y su Norteño Banda,Banda,,
Los Plebes del Rancho de Ariel Camacho,Banda,,
Fidel Rueda,Banda,,
Alta Consigna,Banda,,
Duelo,Banda,,
Christian Nodal,Banda,,
El Bebeto,Banda,,
Banda Los Sebastianes,Banda,,
Jonatán Sánchez,Banda,,
Ariel Camacho y Los Plebes Del Rancho,Banda,,
Joss Favela,Banda,,
Edwin Luna y La Trakalosa de Monterrey,Banda,,
Cristian Jacobo,Banda,,
Regulo Caro,Banda,,
Impacto Sinaloense,Banda,,
Banda La Contagiosa,Banda,,
Pesado,Banda,,
Claudio Alcaraz Y Su Banda La Mundial,Banda,,
Cheyo Carrillo,Banda,,
Julión Alvarez,Banda,,
La Arrolladora Banda El Limón De Rene Camacho,Banda,,
Christian Nava,Banda,,
Banda Carnaval,Banda,,
La Original Banda El Limón de Salvador Lizárraga,Banda,,
Banda Tierra Sagrada,Banda,,
Adriel Favela,Banda,,
Banda El Recodo,Banda,,
El Dasa,Banda,,
El Mimoso Luis Antonio López,Banda,,
Cardenales De Nuevo León,Banda,,
Valentín Elizalde,Banda,,
El Coyote Y Su Banda Tierra Santa,Banda,,
Adan Romero,Banda,,
Gerardo Ortiz,Banda,,
Pancho Barraza,Banda,,
Los Horóscopos De Durango,Banda,,
K-Paz De La Sierra,Banda,,
Intocable,Banda,,
Chuy Lizarraga y Su Banda Tierra Sinaloense,Banda,,
,Banda,,
Los Titanes De Durango,Banda,,
El Poder Del Norte,Banda,,
Germán Montero,Banda,,
Julio Preciado,Banda,,
Jenni Rivera,Banda,,
Voz De Mando,Banda,,
La Numero 1 Banda Jerez De Marco A. Flores,Banda,,
Luis Coronel,Banda,,
Banda Autentica de Jerez,Banda,,
Roberto Tapia,Banda,,
Banda San Jose De Mesillas,Banda,,
Banda Rancho Viejo De Julio Aramburo La Bandononona,Banda,,
Julio Preciado Y Su Banda Perla Del Pacifico,Banda,,
El Chapo De Sinaloa,Banda,,
Montez De Durango,Banda,,
Los Tigres Del Norte,Banda,,
 Mujer De Nadie,Banda,,
Palomo,Banda,,
Vanesa Martín,Pop Español,,
Rosana,Pop Español,,
Jesse & Joy,Pop Español,,
Maná,Pop Español,,
Carlos Baute,Pop Español,,
Sidecars,Pop Español,,
Pablo Alborán,Pop Español,,
 Alex González y Sergio Vallín) - MTV Unplugged,Pop Español,,
Sergio Dalma,Pop Español,,
Sweet California,Pop Español,,
David DeMaría,Pop Español,,
DMEI,Pop Español,,
Eva Ruiz,Pop Español,,
Sofia Reyes,Pop Español,,
M-Clan,Pop Español,,
Fito y Fitipaldis,Pop Español,,
Fangoria,Pop Español,,
Bebe,Pop Español,,
Neus Ferri,Pop Español,,
Melendi,Pop Español,,
Alejandro Sanz,Pop Español,,
Laura Pausini,Pop Español,,
Efecto Mariposa,Pop Español,,
Álex Ubago,Pop Español,,
Macaco,Pop Español,,
Enrique Iglesias,Pop Español,,
 Tame Impala,Indie,,
 Gorillaz,Indie,,
 Empire of the Sun,Indie,,
 The Neighbourhood,Indie,,
 Phoenix,Indie,,
 M83,Indie,,
 Passion Pit,Indie,,
 Muse,Indie,,
 Imagine Dragons,Indie,,
 The Black Keys,Indie,,
 Lilly Wood and The Prick,Indie,,
 Band of Horses,Indie,,
 MGMT,Indie,,
 Twenty One Pilots,Indie,,
 Capital Cities,Indie,,
 Franz Ferdinand,Indie,,
 Foals,Indie,,
 The White Stripes,Indie,,
 Kings of Leon,Indie,,
 Foster The People,Indie,,
 The Strokes,Indie,,
 Modest Mouse,Indie,,
 M.I.A.,Indie,,
 The War On Drugs,Indie,,
 Years & Years,Indie,,
 Weezer,Indie,,
 Daft Punk,Indie,,
 Joy Division,Indie,,
 The Kooks,Indie,,
 The Knocks,Indie,,
 The Postal Service,Indie,,
 SBTRKT,Indie,,
 Peter Bjorn and John,Indie,,
 Dr. Dog,Indie,,
 Nirvana,Indie,,
 Unknown Mortal Orchestra,Indie,,
 Pixies,Indie,,
 Stereophonics,Indie,,
 JR JR,Indie,,
 Bag Raiders,Indie,,
 Miike Snow,Indie,,
 Santigold,Indie,,
 alt-J,Indie,,
 Hot Chip,Indie,,
 Blood Orange,Indie,,
 LE YOUTH,Indie,,
 Breakbot,Indie,,
 Beck,Indie,,
 Grimes,Indie,,
 Bloc Party,Indie,,
 NONONO,Indie,,
 LCD Soundsystem,Indie,,
 Generationals,Indie,,
 Cake,Indie,,
 of Montreal,Indie,,
 TV On The Radio,Indie,,
 Miami Horror,Indie,,
 Discovery,Indie,,
 The Flaming Lips,Indie,,
 Goldfrapp,Indie,,
 Datarock,Indie,,
 Best Coast,Indie,,
 Hercules & Love Affair,Indie,,
 Death Cab for Cutie,Indie,,
 Arcade Fire,Indie,,
 Friendly Fires,Indie,,
 Supergrass,Indie,,
 Max Frost,Indie,,
 Cut Copy,Indie,,
 Julio Bashmore,Indie,,
 Kali Uchis,Indie,,
 Fischerspooner,Indie,,
 The Knife,Indie,,
 Yelle,Indie,,
 Crystal Castles,Indie,,
 !!!,Indie,,
 RAC,Indie,,
 Robyn,Indie,,
 Scissor Sisters,Indie,,
 Beach House,Indie,,
 The Bravery,Indie,,
 Jungle,Indie,,
 Yeah Yeah Yeahs,Indie,,
 Blur,Indie,,
 Electric Guest,Indie,,
 The Cure,Indie,,
 The Rapture,Indie,,
 Interpol,Indie,,
 My Morning Jacket,Indie,,
 Broken Social Scene,Indie,,
 Spoon,Indie,,
 The Whitest Boy Alive,Indie,,
 Cold War Kids,Indie,,
 New Order,Indie,,
 Pulp,Indie,,
 Rae Sremmurd,Pop,,
 The Chainsmokers,Pop,,
 The Weeknd,Pop,,
 DJ Snake,Pop,,
 Maroon 5,Pop,,
 Bruno Mars,Pop,,
 James Arthur,Pop,,
 Drake,Pop,,
 Major Lazer,Pop,,
 Ariana Grande,Pop,,
 Sia,Pop,,
 Clean Bandit,Pop,,
 Martin Garrix,Pop,,
 Calvin Harris,Pop,,
 Hailee Steinfeld,Pop,,
 Shawn Mendes,Pop,,
 Starley,Pop,,
 Little Mix,Pop,,
 Alessia Cara,Pop,,
 Zay Hilfigerrr,Pop,,
 Zara Larsson,Pop,,
 D.R.A.M.,Pop,,
 Jonas Blue,Pop,,
 Charlie Puth,Pop,,
 Andy Grammer,Pop,,
 Shakira,Pop,,
 Justin Timberlake,Pop,,
 FRENSHIP,Pop,,
 Nevada,Pop,,
 Aminé,Pop,,
 Zion & Lennox,Pop,,
 i love u (feat. olivia o'brien) ,Pop,,
 Anne-Marie,Pop,,
 J Balvin,Pop,,
 Marc E. Bassy,Pop,,
 Coldplay,Pop,,
 Mike Perry,Pop,,
 Blake Shelton,Country,,
 Cole Swindell,Country,,
 Zac Brown Band,Country,,
 Keith Urban,Country,,
 Big & Rich,Country,,
 Tim McGraw,Country,,
 Brantley Gilbert,Country,,
 Lee Brice,Country,,
 Darius Rucker,Country,,
 Jon Pardi,Country,,
 Kip Moore,Country,,
 Old Dominion,Country,,
 Luke Bryan,Country,,
 Sam Hunt,Country,,
 Rodney Atkins,Country,,
 Billy Currington,Country,,
 Dierks Bentley,Country,,
 A Thousand Horses,Country,,
 Thomas Rhett,Country,,
 Florida Georgia Line,Country,,
 Kenny Chesney,Country,,
 Jerrod Niemann,Country,,
 Jake Owen,Country,,
 Rascal Flatts,Country,,
 Brothers Osborne,Country,,
 Eli Young Band,Country,,
 Fishin' And Lovin' Every Day ,Country,,
 Frankie Ballard,Country,,
 Joe Nichols,Country,,
 Chris Young,Country,,
 Eric Church,Country,,
 LOCASH,Country,,
 Drew Baldridge,Country,,
 David Nail,Country,,
 Dan + Shay,Country,,
 Op.85 (1995 - Remaster): I. Adagio - Moderato ,Clasica,,
 Op. 12: No. 3. Warum? ,Clasica,,
 Op. 129: I. Nicht zu schnell - ,Clasica,,
 Kk. 9 ,Clasica,,
 Alexander Borodin,Clasica,,
 Op. 70 No. 1,Clasica,,
 Alondra de la Parra,Clasica,,
 Op. 63: I. Mit Energie und Leidenschaft ,Clasica,,
 José Bragato,Clasica,,
 Op. 39: No. 2 in A Minor: Lento assai ,Clasica,,
 Op. 107: I. Allegretto - Live ,Clasica,,
" o mamma"" ",Clasica,,
 Amanda Maier-Röntgen,Clasica,,
 Op. 99: I. Allegro vivace ,Clasica,,
 Sergei Prokofiev,Clasica,,
 Op.21 ,Clasica,,
 L. 110: 1. Reflets dans l'eau ,Clasica,,
 Op.35: The Sea And Sinbad's Ship (Largo e maestoso - Lento - Allegro non troppo - Tranquillo) ,Clasica,,
 FP 185: Elegie: Paisiblement ,Clasica,,
 BB 118: I. Allegro non troppo ,Clasica,,
 Gustav Mahler,Clasica,,
" M.71 / Première partie: ""Ah! C'est Elle! C'est Elle!"" ",Clasica,,
 Sz. 107 - Book 6: No.149 Dance in Bulgarian Rhythm II ,Clasica,,
 Toru Takemitsu,Clasica,,
 Op. 129: Moderato ,Clasica,,
 K. 527 (Highlights): Act II: Don Giovanni,Clasica,,
 Benjamin Britten,Clasica,,
 Anton Bruckner,Clasica,,
 RT VI/26 ,Clasica,,
 Op. 31 ,Clasica,,
 Bed?ich Smetana,Clasica,,
 Op.58: 1. Allegro moderato ,Clasica,,
 Op.110: 1. Largo ,Clasica,,
 Lang Lang,Clasica,,
 Op.51,Clasica,,
 Anonymous ,Clasica,,
 Felix Mendelssohn,Clasica,,
" wie der strenge Winter flieht!"" ",Clasica,,
 Op. 22: I. Fugato: Sehr langsame Viertel ,Clasica,,
" D. 810 ""Death and the Maiden"": II. Andante con moto ",Clasica,,
 Libro 6: Moro,Clasica,,
 Sz. 95,Clasica,,
 Allegro ,Clasica,,
 D.887: 1. Allegro molto moderato ,Clasica,,
 Op. 26: I. Andante - Allegro ,Clasica,,
 Op. 73: I. Zart und mit Ausdruck ,Clasica,,
 Richard Wagner,Clasica,,
 S207/R87 ,Clasica,,
 Book 2: Etudes,Clasica,,
 Nazareth,Rock clasico,,
 Humble Pie,Rock clasico,,
 Sweet,Rock clasico,,
 Molly Hatchet,Rock clasico,,
 Yes,Rock clasico,,
 Pilot,Rock clasico,,
 Mott The Hoople,Rock clasico,,
 Elton John,Rock clasico,,
 Asia,Rock clasico,,
 Canned Heat,Rock clasico,,
 Great White,Rock clasico,,
 Boom (Out Go The Lights) ,Rock clasico,,
 Foghat,Rock clasico,,
 Night Ranger,Rock clasico,,
 Rick Derringer,Rock clasico,,
 White Lion,Rock clasico,,
 Ratt,Rock clasico,,
 Warrant,Rock clasico,,
 Bret Micheal (Poison),Rock clasico,,
 Triump,Rock clasico,,
 Blue Cheer,Rock clasico,,
 Johnny Thunders,Rock clasico,,
 Michael Schenker Group,Rock clasico,,
 MC5,Rock clasico,,
 Quiet Riot,Rock clasico,,
 The Spencer Davis Group,Rock clasico,,
 Bay City Rollers,Rock clasico,,
 Atomic Rooster,Rock clasico,,
 Prism,Rock clasico,,
 The Grass Roots,Rock clasico,,
 Mitch Ryder,Rock clasico,,
 Paul Revere & The Raiders,Rock clasico,,
 Vanilla Fudge,Rock clasico,,
 The Troggs,Rock clasico,,
 Jackie Lomax,Rock clasico,,
 Chris Spedding,Rock clasico,,
 The Clash,Punk,,
 Ramones,Punk,,
 Green Day,Punk,,
 The Offspring,Punk,,
 blink-182,Punk,,
 Sex Pistols,Punk,,
 Goldfinger,Punk,,
 Social Distortion,Punk,,
 NOFX,Punk,,
 Against Me!,Punk,,
 Radio ,Punk,,
 Iggy Pop,Punk,,
 Millencolin,Punk,,
 Dead Kennedys,Punk,,
 Sum 41,Punk,,
 Rise Against,Punk,,
 AFI,Punk,,
 The Runaways,Punk,,
 Rancid,Punk,,
 Misfits,Punk,,
 Minor Threat,Punk,,
 Pennywise,Punk,,
 The Gaslight Anthem,Punk,,
 Black Flag,Punk,,
 Refused,Punk,,
 Pulley,Punk,,
 Adolescents,Punk,,
 The Stooges,Punk,,
 Descendents,Punk,,
 Lagwagon,Punk,,
 Hot Water Music,Punk,,
 Strung Out,Punk,,
 Yellowcard,Punk,,
 Operation Ivy,Punk,,
 Propagandhi,Punk,,
 The Menzingers,Punk,,
 Minutemen,Punk,,
 Kid ,Punk,,
 Fugazi,Punk,,
 Bad Brains,Punk,,
 The Bouncing Souls,Punk,,
 Bowling For Soup,Punk,,
 The Ataris,Punk,,
 The Distillers,Punk,,
 The Mighty Mighty Bosstones,Punk,,
 Dead Boys,Punk,,
 The Jam,Punk,,
 Billy Talent,Punk,,
 The Replacements,Punk,,
 Anti-Flag,Punk,,
 Raised Fist,Punk,,
 Buzzcocks,Punk,,
 X-Ray Spex,Punk,,
 New York Dolls,Punk,,
 Bikini Kill,Punk,,
 Hüsker Dü,Punk,,
 The Damned,Punk,,
 All,Punk,,
 Agnostic Front,Punk,,
 New Found Glory,Punk,,
 Motion City Soundtrack,Punk,,
 Suicidal Tendencies,Punk,,
 Guttermouth,Punk,,
 L7,Punk,,
 Matchbook Romance,Punk,,
 The Bronx,Punk,,
 The Muffs,Punk,,
 No Use For A Name,Punk,,
 Off With Their Heads,Punk,,
 Patti Smith,Punk,,
 Saves The Day,Punk,,
 Screeching Weasel,Punk,,
 X,Punk,,
 Stiff Little Fingers,Punk,,
 Ten Foot Pole,Punk,,
 Alkaline Trio,Punk,,
 Teenage Bottlerocket,Punk,,
 Los Fabulosos Cadillacs,Rock en español,,
 Los Rodriguez,Rock en español,,
 Gustavo Cerati,Rock en español,,
 Los Enanitos Verdes,Rock en español,,
 Los Piojos,Rock en español,,
 Elefante,Rock en español,,
 Charly García,Rock en español,,
 Caifanes,Rock en español,,
 Babasónicos,Rock en español,,
 Miguel Mateos,Rock en español,,
 Café Tacvba,Rock en español,,
 Hombres G,Rock en español,,
 Fobia,Rock en español,,
 Bunbury,Rock en español,,
 Andrés Calamaro,Rock en español,,
 Jarabe De Palo,Rock en español,,
 La Ley,Rock en español,,
 Fito Páez,Rock en español,,
 Heroes Del Silencio,Rock en español,,
 Molotov,Rock en español,,
 Los Amigos Invisibles,Rock en español,,
 Vicentico,Rock en español,,
 Nacha Pop,Rock en español,,
 No Te Va Gustar,Rock en español,,
 Radio Futura,Rock en español,,
 Ciro y los Persas,Rock en español,,
 Genitallica,Rock en español,,
 Jumbo,Rock en español,,
 Mikel Erentxun,Rock en español,,
 El Tri,Rock en español,,
 Bersuit Vergarabat,Rock en español,,
 Inspector,Rock en español,,
 Maná,Rock en español,,
 Los Tres,Rock en español,,
 Los Auténticos Decadentes,Rock en español,,
 Vilma Palma E Vampiros,Rock en español,,
 Los Toreros Muertos,Rock en español,,
 Los Prisioneros,Rock en español,,
 El Gran Silencio,Rock en español,,
 Duncan Dhu,Rock en español,,
 Julieta Venegas,Rock en español,,
 Jaguares,Rock en español,,
 Ja,Rock en español,,
 Mano Negra,Rock en español,,
 Lucybell,Rock en español,,
 PXNDX,Rock en español,,
 Los Abuelos De La Nada,Rock en español,,
 Los Piratas,Rock en español,,
 El Cuarteto De Nos,Rock en español,,
 La Gusana Ciega,Rock en español,,
 Aterciopelados,Rock en español,,
 Panteon Rococo,Rock en español,,
 Maldita Vecindad Y Los Hijos Del 5to. Patio,Rock en español,,
 La Unión,Rock en español,,
 Soda Stereo,Rock en español,,
 Rise!,Metallica,Metal,
 Iron Maiden,Metal,,
 Megadeth,Metal,,
 Pantera,Metal,,
 Dio,Metal,,
 Slayer,Metal,,
 Ozzy Osbourne,Metal,,
 Judas Priest,Metal,,
 Van Halen,Metal,,
 Metal Church,Metal,,
 Helloween,Metal,,
 Metallica,Metal,,
 Exodus,Metal,,
 Accept,Metal,,
 Saxon,Metal,,
 Mercyful Fate,Metal,,
 Motörhead,Metal,,
 Testament,Metal,,
 Manowar,Metal,,
 Rainbow,Metal,,
 Thin Lizzy,Metal,,
 Candlemass,Metal,,
 Whitesnake,Metal,,
 Anvil,Metal,,
 Black Sabbath,Metal,,
 W.A.S.P.,Metal,,
 UFO,Metal,,
 Armored Saint,Metal,,
 Dokken,Metal,,
 Savatage,Metal,,
 Warlock,Metal,,
 Foo Fighters,Rock alternativo,,
 Rage Against The Machine,Rock alternativo,,
 Pearl Jam,Rock alternativo,,
 Incubus,Rock alternativo,,
 Lit,Rock alternativo,,
 Alice In Chains,Rock alternativo,,
 Silverchair,Rock alternativo,,
 Korn,Rock alternativo,,
 Spin Doctors,Rock alternativo,,
 Third Eye Blind,Rock alternativo,,
 Fuel,Rock alternativo,,
 Eve 6,Rock alternativo,,
311,Rock alternativo,,
 Stone Temple Pilots,Rock alternativo,,
 The Breeders,Rock alternativo,,
 The Verve Pipe,Rock alternativo,,
 Soul Asylum,Rock alternativo,,
 Garbage,Rock alternativo,,
 Ben Folds Five,Rock alternativo,,
 Radiohead,Rock alternativo,,
 Matthew Sweet,Rock alternativo,,
 The Smashing Pumpkins,Rock alternativo,,
 Crash Test Dummies,Rock alternativo,,
 Blind Melon,Rock alternativo,,
 Toad The Wet Sprocket,Rock alternativo,,
 Oasis,Rock alternativo,,
 The Verve,Rock alternativo,,
 Fiona Apple,Rock alternativo,,
 Sponge,Rock alternativo,,
 Jane's Addiction,Rock alternativo,,
 Mad Season,Rock alternativo,,
 Marcy Playground,Rock alternativo,,
 Everclear,Rock alternativo,,
 The Presidents Of The United States Of America,Rock alternativo,,
 Counting Crows,Rock alternativo,,
 Jeff Buckley,Rock alternativo,,
 Train,Rock alternativo,,
 Our Lady Peace,Rock alternativo,,
 No Doubt,Rock alternativo,,
 Vertical Horizon,Rock alternativo,,
 Marilyn Manson,Rock alternativo,,
 Primitive Radio Gods,Rock alternativo,,
 Sublime,Rock alternativo,,
 Sugar,Rock alternativo,,
 Screaming Trees,Rock alternativo,,
 The Cranberries,Rock alternativo,,
 Nice Shot (Remastered Album Version) ,Rock alternativo,,
 Corrosion Of Conformity,Rock alternativo,,
 Nine Inch Nails,Rock alternativo,,
 Hooverphonic,Rock alternativo,,
 Jerry Cantrell,Rock alternativo,,
 Hum,Rock alternativo,,
 Semisonic,Rock alternativo,,
 Nathaniel Rateliff & The Night Sweats,Folk,,
 Pearl and the Beard,Folk,,
 Sara Watkins,Folk,,
 tUnE-yArDs,Folk,,
 Lulu & The Lampshades,Folk,,
 The Duhks,Folk,,
 Karen O And The Kids,Folk,,
 Baby ,Folk,,
 Quiet Life,Folk,,
 Barry Louis Polisar,Folk,,
 Buddy Miller,Folk,,
 Release The Sunbird,Folk,,
 The Greencards,Folk,,
 First Aid Kit,Folk,,
 Twin Forks,Folk,,
 Hello Saferide,Folk,,
 Crooked Still,Folk,,
 Skinny Lister,Folk,,
 Mumford & Sons,Folk,,
 Bowerbirds,Folk,,
 Sarah Jarosz,Folk,,
 Boat To Row,Folk,,
 Led Zeppelin,Folk,,
 CNCO,Reggaeton,,
 Charly Black,Reggaeton,,
 Ricky Martin,Reggaeton,,
 Sebastian Yatra,Reggaeton,,
 Ozuna,Reggaeton,,
 Xantos,Reggaeton,,
 Wisin,Reggaeton,,
 Daddy Yankee,Reggaeton,,
 Maluma,Reggaeton,,
 Reykon,Reggaeton,,
 IAmChino,Reggaeton,,
 Piso 21,Reggaeton,,
 Reik,Reggaeton,,
 Jacob Forever,Reggaeton,,
 Justin Quiles,Reggaeton,,
 Cosculluela,Reggaeton,,
 De La Ghetto,Reggaeton,,
 Don Omar,Reggaeton,,
 Kevin Roldan,Reggaeton,,
 Alexis & Fido,Reggaeton,,
 Carlos Vives,Reggaeton,,
 Carlos Baute,Reggaeton,,
 Andy Rivera,Reggaeton,,
 Mark B.,Reggaeton,,
 Feid,Reggaeton,,
 Domino Saints,Reggaeton,,
 Yandel,Reggaeton,,
 Karol G,Reggaeton,,
 Enrique Iglesias,Reggaeton,,
 J Alvarez,Reggaeton,,
 Nicky Jam,Reggaeton,,
 Jory Boy,Reggaeton,,
 Ken-Y,Reggaeton,,
 Luny Tunes,Reggaeton,,
 Chino & Nacho,Reggaeton,,
 Danny Romero,Reggaeton,,
 Oscar D'León,Salsa,,
 Luis Enrique,Salsa,,
 Héctor Lavoe,Salsa,,
 Joe Arroyo,Salsa,,
 Gilberto Santa Rosa,Salsa,,
 Marc Anthony,Salsa,,
 Sonora Carruseles,Salsa,,
 Tito Nieves,Salsa,,
 Frankie Ruiz,Salsa,,
 Víctor Manuelle,Salsa,,
 Jerry Rivera,Salsa,,
 Grupo Niche,Salsa,,
 Eddie Santiago,Salsa,,
 Adolescent's Orquesta,Salsa,,
 Rubén Blades,Salsa,,
 Rey Ruiz,Salsa,,
 Mire,Salsa,,
 Fruko Y Sus Tesos,Salsa,,
 Lalo Rodriguez,Salsa,,
 Fania All Stars,Salsa,,
 Andy Montañez,Salsa,,
 David Pabon,Salsa,,
 Paquito Guzman,Salsa,,
 Maelo Ruiz,Salsa,,
 El Gran Combo De Puerto Rico,Salsa,,
 N'Klabe,Salsa,,
 Tito Rojas,Salsa,,
 D.L.G.,Salsa,,
 Frankie Negrón,Salsa,,
 Yiyo Sarante,Salsa,,
 Tony Vega,Salsa,,
 David Kada,Salsa,,
 Yanfourd,Salsa,,
 Alex Matos,Salsa,,
 Eddie Palmieri,Salsa,,
 Felix Manuel,Salsa,,
 Jehu El Rey,Salsa,,
 Rolf Sanchez,Salsa,,
 Prince Royce,Bachata,,
 Romeo Santos,Bachata,,
 Xtreme,Bachata,,
 Monchy & Alexandra,Bachata,,
 Aventura,Bachata,,
 Kewin Cosmos,Bachata,,
 Bachata Heightz,Bachata,,
 Zacarias Ferreira,Bachata,,
 24 Horas,Bachata,,
 Johnny Sky,Bachata,,
 Toby Love,Bachata,,
 Karlos Rosé,Bachata,,
 Chiko Swagg,Bachata,,
 Carlos y Alejandra,Bachata,,
 Borracho y Loco ,Bachata,,
 Frank Reyes,Bachata,,
 Andy Andy,Bachata,,
 Henry Santos,Bachata,,
 Optimo,Bachata,,
 Luis Vargas,Bachata,,
 El Chaval,Bachata,,
 Antony Santos,Bachata,,
 Liza + Willie,Bachata,,
 Raulin Rodriguez,Bachata,,
" Hector Acosta ""El Torito""",Bachata,,
 Elvis Crespo,Bachata,,
 Yoskar Sarante,Bachata,,
