cancion,,
Amor Sin Confianza,,
Amor Sin Primavera,,
Cuerpo Cobarde,,
Cumbia Campanera,,
Cumbia Cienaguera,,
Cumbia Del Caribe,,
Cumbia del Puerto,,
Cumbia Sabrosa,,
Cumbia Sampuesana,,
Cumbia Sobre el Mar,,
Cumbia y Sol,,
El Borracho,,
El Chuponcito,,
El Diario De Un Borracho,,
El Hombre Que Yo Amo,,
El Pescador De Baru,,
En Silencio Te Amare,,
Enamorando (sin Querer Queriendo),,
Ese Muerto No Lo Cargo Yo,,
Esta Noche Es Mia,,
Festival Vallenato,,
Golpe Con Golpe,,
He Nacido Para Amarte,,
La Candela Viva,,
La Carta Numero Tres,,
La Colegiala,,
La Negra Caderona,,
La Subienda,,
La vendetta,,
La Zenaida,,
Londres,,
Luz De Cumbia,,
Me Importa un Carajo,,
Mentirosa (Eres Mentirosa),,
Mi Cumbia,,
Mi Cumbia Colombiana,,
Mi morena,,
Micaela,,
Mil Horas,,
Mosaico Bailador (Con La Pata Pela/La Totuma),,
Muchachita Consentida,,
Oasis De Amor,,
Ojos Hechiceros,,
Ponchito de Colores,,
Que Nadie Sepa Mi Sufrir,,
Que Tristeza Me Da,,
Reina De Cumbias,,
Tabaco Y Ron,,
Tan Solo Mi Amor,,
Tarjetita de Invitacion,,
Te Llevaré,,
Voy a pintar un corazón,,
Rumba Cha Cha,,
Cocodrilo,,
Todo Me Gusta De Ti,,
Echarme Al Olvido,,
Llorar,,
Tu Traición,,
Amor En Llamas,,
Cumbia en la Playa,,
Como Una Novela,,
Ámame,,
Yo Soy Tu Maestro,,
Mix Juguito De Pina,,
Los Caminos De La Vida,,
Él Soy Yo,,
El Listón De Tu Pelo,,
Tú Me Quieres Lastimar,,
Un Sueño,,
Loco Loquito,,
Cómo Te Voy A Olvidar,,
Pobre Corazon (Radio Mix),,
Tiene Espinas El Rosal,,
Piensa En Mí,,
Me Vas A Recordar,,
Mis Sentimientos,,
Destilando Amor,,
Mi Niña Mujer,,
Tu Me Cambiaste la Vida,,
Que Bello,,
Me Volví A Acordar De Ti,,
Guaracha Sabrosona,,
Abandonado,,
Mira oye,,
Te Amo,,
Rumba Frenesi,,
Amor Regresa,,
Cosas del Amor,,
La Inconforme,,
El Gigante de Hierro,,
Doy La Vida Por Un Beso,,
Las Mujeres No Se Acaban,,
El Verde De Tus Ojos,,
Vida No Te Vayas,,
No Te Voy A Perdonar,,
You Want Me,,
Would I Lie to You,,
Daylight - Radio Edit,,
Yebisah,,
Runnin',,
Be Here,,
Freak Like Me (feat. Katy B & MNEK) - Radio Edit,,
The Girl Is Mine featuring Destiny's Child & Brandy - Club Mix,,
P.Y.T. (Pretty Young Thing),,
I Wanna Feel - Radio Edit,,
Gecko (Overdrive) - Radio Edit,,
Just Say,,
All Four Walls,,
I Loved You (feat. Melissa Steel),,
What I Might Do - Radio Edit,,
Desire - Gryffin Remix,,
Crank It (Woah!) - Radio Edit,,
Could You Love Me? - Radio Edit,,
Rhymes,,
Up and Down,,
You Got Me Baby,,
The Giver (Reprise) - Reprise,,
Rinse & Repeat - Radio Edit,,
Bahp - Radio Edit,,
Restless,,
Au Seve,,
Slave To The Vibe - Radio Edit,,
Turn Back Time (Retrospect) - Radio Edit,,
Fever (feat. FERAL is KINKY),,
Sort It Out Sharon,,
Never Letting Go - David Zowie Remix,,
The Jam,,
House Work,,
Pony (Jump On It) - Radio Mix,,
All Night,,
Ride This Train (feat. Aniff Akinola),,
Games,,
Everything You Never Had (We Had It All) [feat. Andreya Triana],,
Inside Of Me - Radio Edit,,
Later,,
The Renegade,,
BOSS - Radio Edit,,
False Alarm - KC Lights Remix,,
What I Need - Original Mix,,
Do You,,
Just Be Good To Me - Rare Candy Remix,,
Feel Good (It's Alright) [feat. Karen Harding] - Ferdinand Weber,,
Come Down,,
Joy & Pain - Radio Edit,,
Eva,,
Front Line,,
Inside the Lines,,
Wake Up Where You Are,,
Solo Dance,,
Come Closer,,
Revolution,,
L.I.F.E.,,
Our Way,,
Capsize,,
What Is Love 2016,,
Somewhere New - Radio Edit,,
Cold Ain't For Me,,
Be Like You,,
Say You Won't Let Go - Luca Schreiner Remix,,
Call On Me - Ryan Riback Remix,,
No Diggity,,
Let Me Love You,,
Runaways,,
The Ocean,,
Ain't Giving Up,,
Young Souls - Album Edit,,
Feel - Radio Edit,,
Just Hold Me,,
Emelie,,
Let Me Hold You (Turn Me On),,
Winterbreak - Tiësto's Deep House Remix,,
Generationwhy,,
Carry Me,,
The Best Crew,,
Rooftop,,
Painted Sky,,
Watch The Sun,,
All I Wanna Do,,
Cold Water (feat. Justin Bieber & MØ) - Lost Frequencies Remix,,
It's Alright,,
Under The Sky,,
Bad Ideas,,
Summer Nights - Tiësto’s Deep House Remix,,
Walls (summer mix),,
In Common - Kaskade Radio Mix,,
Faded - Tiesto's Deep House Remix,,
Surviving,,
Don't Be so Shy - Filatov & Karas Remix,,
Beautiful Life,,
Dreamreacher,,
Cold in California,,
Dreamin',,
Can't Get To You - Summer Edit,,
White Tiger - Marcus Layton Remix,,
Miracle,,
Sex,,
Raging,,
Thinking About It (Let It go) - KVR Remix,,
Higher Love - Original Mix,,
Into The Sunset,,
Coming Over (feat. James Hersey),,
Feel Good Inc.,,
Want You,,
In the Morning,,
Can't Go Home - Radio Edit,,
Hundred Miles,,
I've Fallen for You,,
Walking in the Sun,,
Another Love - Zwette Edit,,
Stay,,
Run - Lost Frequencies Radio Edit,,
Reality - Radio Edit,,
Save Me,,
Spaceship,,
How Hard I Try,,
Ohio - Filous Remix,,
Beat the Sunrise,,
Cheerleader - Felix Jaehn Remix Radio Edit,,
Heaven,,
All My Friends - 99 Souls Remix,,
Automatic,,
Come To Me (Ofenbach Remix) - Radio Edit,,
Waves - Robin Schulz Radio Edit,,
Crush,,
Miracles,,
Dreams,,
233 Vicario,,
The Afterhour - Original Mix,,
Albert in a Cloud,,
Alkaline - Kintar Remix,,
All of This,,
Angel - Club Mix,,
Atlas - Adriatique Remix,,
Bahnhof,,
Big Love - Pirupa Remix,,
Clap Your Hands,,
Clap Your Hands - Solomun Remix,,
Closer - Hot Since 82 Remix,,
Complex - Serge Devant Remix,,
Control - Kruse & Nuernberg Remix,,
Datnoid,,
Echoes,,
Esencia,,
Everyone - Teenage Mutants Remix,,
Fall - Oxia Remix,,
Flow,,
Foxer,,
Fuego - Julian Jeweil Remix,,
Ghetto Kraviz - Regal 'Sad' Remix,,
Girl Scout Cookies - Original Mix,,
Hi & Low - Konstantin Sibold Acid Mix,,
Humanism,,
Humano - Victor Ruiz Remix,,
Keep It Low - Chris Liebing Mix,,
Keep This - Tale Of Us Remix,,
Keep Up (feat. J.U.D.G.E.),,
Kinky Tail - Original Mix,,
La Cantaora - Original Mix,,
Lake Ghost - Original Mix,,
Land Of The Giants - Original Mix,,
Lidl Girl - Carl Cox Remix,,
Like It or Not - Joris Voorn Remix,,
Lucero Del Alba - Original Mix,,
Make You Mine - Original Mix,,
Messiah (feat. J.U.D.G.E.),,
Meteora,,
Midnight Walking - Original Mix,,
Nicole Moudaber & Skin - These Walls Are Made of Water (Pan-Pot Remix),,
Orbit - Original Mix,,
Osa,,
Parallels,,
Play It Loud! - Mihalis Safras Remix,,
Redemption,,
Renata - Dark Mix,,
Sending This One Out - Kenny Dope O'Gutta Beats,,
Sleepwalker,,
Talker - Olivier Giacomotto Mix,,
Temporal Perception,,
Terra - Joseph Capriati Remix,,
That's It,,
Tiger In Tow - TouchTalk Remix,,
Turn Off,,
Velvet Revolver,,
Vermillion - & Me Remix,,
X,,
Your Everything - Original Mix,,
Planet E - Danny Daze Remix,,
View of Delft,,
Songs Of Phase,,
Sinesthesya - Original Mix,,
Metropolix - Remix,,
Draco,,
Fuselage,,
Do What You Wanna Do (IMS Anthem) - MK Disko Dub,,
Nokturn - Grand Finale,,
Deep Reverse,,
2127,,
Always & Forever,,
6am - CJ Jeff Remix,,
Iceland - Laurent Garnier Babou's Bigger Than Ever Remix,,
Harlequin - The Beauty and the Beast - Tuff City Kids Remix,,
Sleepless - Stephan Bodzin Remix,,
Sort It Out Sharon - Instrumental Club Mix,,
Lockup - Original Mix,,
That Shhh,,
Subzero - Original Mix,,
Disappear,,
Awake - Julian Jeweil Remix,,
Suzee - TR324,,
What You Need,,
Letters (Capital) - Jeremy Olander Remix,,
The Beauty & the Beast - Eric Prydz Re-edit,,
Feel It - Original Mix,,
Heatwave - Radio Edit,,
Scorched Earth Policy - Original Mix,,
Double The Lust,,
Malice,,
Exist,,
Sugar Rush - Original Mix,,
Machine,,
Black Vans,,
Riot - Carl Cox Remix,,
Flam Mode,,
Acid Dude - Original Mix,,
Afterhours - Original Mix,,
Ape,,
Detroit,,
C'mon Playa - 1200 Tech Mix,,
Fist Bump From Destiny,,
Midnight,,
Hot Butter On A Breakfast Toast,,
Captain My Captain,,
Eternia,,
Restart The Sun - Original Mix,,
Mount Belzoni - Original Mix,,
Club Culture - Original Mix,,
Euphoria,,
Where Haus? - Original Mix,,
Us - Doorly Remix,,
Get Comfy (Underground Sound Suicide) - ROD Remix Two,,
Lizard King - Julian Jeweil Remix,,
Circular Thing - Hot Since 82 Remix,,
Mysterious Traveller (Groovy Intent Mix),,
Divisions (Downstairs),,
Reconstruction,,
Nighthawk - Original Mix,,
Kinetic Energy - Original Mix,,
Cuartero,,
You Ain't Gotta Bounce to This (Lean),,
Awake,,
The Duster,,
Delirium Is Family 2 - Original Mix,,
Take My Love,,
Amalgamation,,
Heaven - Mark Jenkyns Remix,,
Keep It Low,,
Moroccan Chant Number 2 - Roel Salemink & Drumcomplex Remix,,
Take Me Away - Truncate Remix,,
Into My Life - Original Mix,,
Nowhere,,
Heimat - Robag's Turmkolle Rekksmow,,
The Rush,,
Kenzo,,
The Power - Stefano Noferini Re-Edit,,
Ready2Go,,
Defiler,,
Mellow,,
There Is No Safe Word,,
Work This Data - Original Mix,,
On Off,,
Spastik - Dubfire Rework,,
Blixx - Original Mix,,
Tears - Original Mix,,
Leave Me - Dubfire Playa Remix,,
Collinearity - Oscar L Remix,,
Man Gone - Tube & Berger Remix,,
Sandstorm,,
The Bumps - Julian Jeweil Remix,,
Dibiza - Joseph Capriati Remix,,
Technological - TKNO Remix,,
Rebel XX,,
Latino - Original Mix,,
Run Baby Run,,
Radar - Original Mix,,
Better for My Brain - Original Mix,,
Skin Deep,,
Pop Culture - Joris Voorn Remix,,
Disarray - Original Mix,,
Suga - Original Mix,,
Watch Me Work,,
Mirror Me - Extended Original,,
Black Cow (Booka Shade Presents Yaruba),,
Echo,,
Welcome To My House,,
Rasor,,
Jungle Shrimp,,
Hypernova - Stephan Bodzin Remix,,
Careless,,
Stopover - Tocadisco Remix,,
The Essence of House - Metodi Hristov Remix,,
False - Original Mix,,
Maybe Why Not,,
Twilight Zone - Original Mix,,
Dancing (Again!) - Radio Edit,,
One Hundred - Original Mix,,
Love Siren,,
Teaser,,
Do You Feel Me - Dosem Remix,,
Rumours,,
Iffy - Radio Edit,,
Rocket Bunny,,
Walking With Elephants,,
Human Reason - Len Faki Remix,,
Rock To The Beat - Christian Smith & John Selway Remix,,
Solar Detroit - Original Mix,,
Junglism - Andrei Morant Remix,,
Feel The Beat - Original Mix,,
Luck,,
Rescue Me - Radio Edit,,
Under My Skin - Original Mix,,
How Long - Alex Neri & GG Canu Techno Mix,,
Azzurro - Original Mix,,
Better Days - Doorly Remix,,
Rain Dance,,
Ego,,
Binary - Shaded Remix,,
?? [Redemption] - Rare Remix,,
Turn It Up,,
Teflon - Original Mix,,
Perc99,,
Humanism - Eskuche & Nu Sky Acid Dub,,
Pop - Vocal,,
Tell Ya - Radio Mix,,
Crosswalk,,
Hush Hush Church - Original Mix,,
Out Wide II,,
Elephant,,
Momento - Radio Edit,,
Short Fuse,,
Ways,,
Turn Back,,
Clash Of 1984 - Original Mix,,
Looking Glass - Original Mix,,
Fingerprint,,
Curious,,
Ojak - Original Mix,,
Just - Ben Remember Remix (TR328),,
Lazer,,
Rush,,
Thunderdad - Original Mix,,
Crazy A,,
Back - Kolsch Remix,,
Keep Pushin - René Amesz Remake,,
5AM - Original Mix,,
Soul Valley,,
Human - Calyx & TeeBee Remix,,
Fire,,
Escape From Love - Kwint vs Dux n Bass Remix Edit,,
Stars,,
The Day Is My Enemy - Bad Company UK Remix,,
Nobody Knows,,
Anywhere - Fred V & Grafix Remix,,
Rio - Remix,,
Getaway - Koven Remix,,
Kill Room,,
1000x - Spectrasoul Remix,,
Find Me,,
Have You - Sound in Noise Remix,,
People - DJ Zinc Remix,,
Hurts - Dimension Remix,,
Love Everlasting - The Vanguard Project Remix,,
All Goes Wrong - Dawn Wall Remix,,
Constellations - Forza Horizon 3 VIP,,
Do It Right - Hybrid Minds Remix,,
Catch Me Here (feat. Conor Maynard),,
By Design,,
Leaving Now,,
Chasing Sunrise,,
Rupture,,
Take Me To Another World,,
Original Badman,,
Colour The Past,,
I Found You,,
Sweet Lies,,
Parallel,,
At Night (I Think About You) - Cyantific Remix,,
Never Stop,,
Me Minus You - DC Breaks Remix,,
Silence,,
Love Me - Crissy Criss Remix,,
Strobe - Dimension Remix,,
Good to Me,,
Little Bit,,
Still Breathing,,
Give Me Your Love - Andy C Remix,,
Nine Clouds,,
Thunder,,
Roll On My Level,,
The Last Light,,
Teddy's Gate (feat. LaMeduza),,
Who Knows - Shy FX Remix,,
Along The Road,,
Touch,,
Hold feat. Daniela Andrade - Fred V & Grafix Remix,,
Higher - The Prototypes Remix,,
I See You,,
Diamonds Fall,,
Hey - Champion Remix,,
Cry - NuTone Remix,,
One Touch - Technimatic Remix,,
Bad,,
Everything Was Nothing,,
Spoken Word,,
Ignite,,
Wait for You - Crissy Criss Remix,,
Automatik - Radio Edit,,
Black Beatles,,
Fake Love,,
Party Monster,,
X (feat. Future),,
Bounce Back,,
Crazy Brazy,,
Bad and Boujee,,
Buy Back the Block,,
Erase Your Social,,
Too Many Years,,
No Heart,,
Sneakin’,,
OOOUUU,,
Litty (feat. Tory Lanez),,
What They Want,,
Chill Bill,,
Good Drank,,
Pick Up The Phone (feat. Quavo),,
You Was Right,,
Caroline,,
Whateva Will Be,,
Telephone Calls,,
To D.R.E.A.M.,,
Wanna Know Remix (feat. Drake),,
Frozen Water,,
Too Much Sauce,,
Used to This,,
Seven Million (feat. Future),,
Skateboard P,,
Spend It,,
Jungle,,
Last Time (feat. Travis Scott),,
Push It (feat. Remy Ma & Quavo) - Remix,,
Big Amount,,
Make You Feel Good,,
Tiimmy Turner - Remix,,
Wyclef Jean,,
One Night,,
My Shit,,
Selfish,,
untitled 07 | levitate,,
Juke Jam (feat. Justin Bieber & Towkio),,
Froze (feat. Lil Uzi Vert & Nicki Minaj),,
Bulls**t (feat. 21 Savage),,
Cash Machine,,
Front & Center,,
Rush,,
Money Showers,,
Let Me Explain,,
Lock Doh,,
The Motto,,
Juju On That Beat (TZ Anthem),,
Rack City,,
Fight Night,,
All The Way Up,,
Jumpman,,
Ni**as In Paris,,
679 (feat. Monty),,
Coward,,
Robbery Remix,,
Panda,,
Mercy.1,,
Hands On the Wheel,,
Forever,,
m.A.A.d city,,
How We Do,,
Clique,,
F**kin' Problems,,
POWER,,
That's Not Me,,
'Till I Collapse,,
Black And Yellow,,
Don't Waste My Time,,
F*ckwithmeyouknowigotit,,
Champions,,
Purple Lamborghini (with Rick Ross),,
Forgot About Dre,,
I Don't Fuck With You,,
Trap Queen,,
We Dem Boyz,,
Started From The Bottom,,
I Spy,,
No Shopping,,
Right Above It,,
3 Wheel-ups (feat. Wiley & Giggs),,
Ima Boss - feat. Rick Ross,,
Not Nice,,
Stay Schemin,,
Where The Hood At,,
Man,,
Hypnotize,,
Mad Ting,,
If You Let Me,,
Playing for You,,
Sirens,,
Location,,
Sorry,,
Blind Man,,
F N Sexy,,
Ignore,,
How I Feel (feat. Sam Wills),,
Firefly,,
Frustrated,,
Losin Control,,
Get You (feat. Kali Uchis),,
Ruby (feat. Lenis Kim & Yngdrgn),,
Falling,,
Hipster Girl,,
The Other,,
Ness,,
Breathe A•gain,,
Crazy Dream,,
Flex Your Way Out (feat. Blackbear),,
Up & Down,,
She Don't (feat. Ty Dolla $Ign),,
That Way,,
So I Know You Care,,
Precious,,
Often,,
Cookie,,
Uncomfortable,,
What You Want,,
Chill Out,,
I.D.C.B.U,,
Too Deep,,
Both Ways,,
Blue,,
Alive,,
Crush,,
Better off Lonely,,
Better Give U Up,,
Tribes,,
GAZI,,
Come and See Me (feat. Drake),,
Trinity Ave,,
Let's Go,,
dopemang (feat. Ashley All Day),,
Otherside,,
25.22,,
Love Somebody,,
All I Need (feat. Xavier Omär),,
OVER AGAIN,,
Borders,,
We Can (feat. Tory Lanez),,
Fake Love,,
Grass Ain't Greener,,
LUV,,
Slow Wine,,
Starboy,,
Trust Nobody,,
All Eyez (feat. Jeremih) - Bonus Track,,
Call Me,,
Nobody's Better (feat. Fetty Wap),,
Not Nice,,
Party Monster,,
Your Number REMIX,,
Gwan Big Up Urself,,
Tek Weh Yuh Heart,,
Needed Me,,
Come and See Me (feat. Drake),,
Burn Break Crash,,
Don't,,
Don't Hurt Me,,
Stuck On U,,
Side To Side,,
Kiss It Better - R3hab Remix,,
Let Me Explain,,
How I Feel,,
Slow Motion,,
Bad Intentions,,
Planez,,
Company,,
Link,,
What You Need,,
Get You (feat. Kali Uchis),,
Location,,
Selfish,,
Congratulations,,
Versace On The Floor,,
I Swear (feat. Young Thug),,
Distraction,,
247,,
Attached,,
Money Showers,,
Me and Your Mama,,
Garden,,
The Valley,,
The Days,,
Too Much Time (feat. Luu Breeze & Emerson Brooks),,
Personal,,
PRBLMS,,
Can't Let Go (feat. Emilia Ali),,
Redbone,,
Maniac,,
No Pressure,,
Penthouse Floor,,
Hypnotizing,,
Patient,,
Siguiéndote Los Pasos,,
Tiene Razón,,
Harto,,
Dias Mejores,,
Viajero Del Viento,,
Mama,,
En El Trono Está,,
Mi Fortuna,,
Tomalo,,
Enamorado De Ti,,
Libre Para Adorar,,
Rey De Majestad (King of Majesty),,
Nada Es Imposible,,
Libre Soy,,
Quisiera,,
Que Se Llene Tu Casa,,
Mi Amado Dios,,
Fe,,
Todo para Mi,,
Tu Historia,,
El Héroe De La Humanidad,,
En mi palma te escribí,,
Revolución,,
Darse Cuenta,,
Somos Libres,,
Almas Mecanicas,,
Sin Ti,,
O Sol da Meia Noite,,
Alaba,,
Líbrame Señor,,
Luz,,
Dios Incomparable,,
Si Tu no Estas,,
Otra Oportunidad,,
Porque Fingir,,
In The River - Live,,
Open Heaven (River Wild) - Live,,
Great Are You Lord - Live,,
Come As You Are - Live,,
Transfiguration - Live,,
10,,
All I Need Is You - Live,,
Ascribe - Live,,
Awesome God - Live,,
Be Lifted High - Live,,
Beautiful Things - Live,,
Christ Is Enough - Live,,
Christ Is Risen (Live),,
Cornerstone - Live,,
Desert Song - Live,,
Even So Come - Live,,
Ever Be (Live),,
Eyes On You - Live,,
Fall Afresh (Acoustic Version),,
For the Cross,,
Forever - Live,,
Give Me Jesus,,
God of This City - Live from Passion,,
Great Are You Lord - Live,,
Great I Am - Live,,
Hands To The Heavens - Live,,
Holy Spirit,,
I Am Not Alone - Live,,
I Need You More,,
I Will Follow You - Live,,
It Is Well (Live),,
It Is Well - Live,,
It Is Well With My Soul - Live,,
Jesus,,
Let It Be Jesus - Live,,
Marvelous Light - Live From Passion07,,
No Longer Slaves (Live),,
O Praise The Name (Anástasis) - Live,,
Oceans (Where Feet May Fail) - Live At Red Rocks,,
On the Throne - Live,,
One Thing - Live,,
One Thing Remains - feat. Brian Johnson,,
Open The Eyes Of My Heart,,
Open Up Our Eyes - Live,,
Our God - From Passion: Awakening,,
Redeemed - Live,,
Rising Sun - Live,,
Sinking Deep - Live,,
Spirit Break Out - Live,,
This Is Our God - Feat. David Crowder,,
Victor's Crown - Live,,
We Dance (Live),,
Yahweh - Live,,
You Are Holy (Prince Of Peace),,
You Are My King (Amazing Love) - One Day Live Album Version,,
You Are The Beauty - Live,,
You Make Me Brave (Live),,
You Never Fail - Live,,
Your Grace Is Enough/Here I Am Lord (Live),,
I'll Let You Know,,
I'll Wait And Pray,,
Where We Used To Live,,
Romance / Hommage à Milhaud,,
I Still Believe in You,,
Ballad for MC,,
Goodbye Pork Pie Hat,,
Soul in Twilight,,
Gramercy Sunset,,
I Was So Young,,
Journey Into Melody - 2007 Digital Remaster,,
For Wee Folks,,
I'm Glad There Is You,,
Blue Ballad,,
The Nearness of You,,
It Never Entered my Mind,,
Don Cheadle - Coffee Table Jazz Intro,,
Blue in Green,,
Where or When,,
Count Your Blessings,,
Good Morning Heartache,,
Two Sleepy People,,
Can't Help Loving,,
The Nearness Of You,,
When Sunny Gets Blue,,
Blue and Sentimental,,
Almas vaggvisa,,
Before It's Time To Say Goodbye,,
Autumn Nocturne,,
Angel Eyes,,
Good Morning.Goodbye,,
Doubts 2,,
Where Do You Start,,
The Man I Love,,
Gary's Theme - Remastered,,
Trust,,
The Folks Who Live on the Hill,,
All The Way,,
Emperor Jones - Instrumental,,
Isadora,,
I Remember Clifford,,
Sous le Ciel de Paris,,
You Go To My Head,,
Gloomy Sunday,,
I Didn't Know About You,,
I Have Dreamed,,
Fools Rush In,,
Old Folks,,
I Got It Bad And That Ain't Good,,
My Romance,,
The Peacocks,,
A Nightingale Sang In Berkeley Square,,
A Hundred Dreams from Now,,
Stockholm Sweetnin',,
My Romance,,
They Didn't Believe Me,,
I Didn't Know About You,,
I Got It Bad And That Ain't Good,,
Where We Used To Live,,
Black Orpheus,,
It Never Entered my Mind,,
Alone and I,,
Haupe,,
The Midnight Sun Will Never Set,,
In Your Own Sweet Way,,
'Round Midnight,,
Blue In Green (Take 3),,
Goodbye Pork Pie Hat,,
Min Soldat (My Soldier),,
Young and Foolish,,
I Guess I'll Hang My Tears Out To Dry - 1999 Digital Remaster,,
Time After Time,,
So Long Blues,,
When It's Sleepytime Down South,,
When Your Lover Has Gone,,
Moanin',,
In A Sentimental Mood,,
Tranquillity - Digitally Remastered,,
Mo' Better Blues,,
Love Is Here To Stay,,
A Sunday Kind Of Love,,
'Round Midnight,,
La Vie En Rose,,
Greensleeves,,
Polka Dots And Moonbeams - 1998 Digital Remaster,,
Blue in Green,,
Cry Me A River - 1991 - Remaster,,
Venga la Esperanza,,
Ruby,,
Charlie Brown Theme,,
Flamenco Sketches,,
Stardust,,
The Gypsy (07-29-46),,
I'm in the Mood for Love,,
Take Five,,
Naima,,
Quiet Nights of Quiet Stars,,
Love For Sale,,
Corcovado - Quiet Nights Of Quiet Stars,,
I Fall In Love Too Easily - Vocal,,
Over The Rainbow - Digitally Remastered,,
It's Always You,,
Mood Indigo,,
The Masquerade Is Over,,
Misty,,
God Bless the Child,,
The Very Thought Of You,,
Strange Meadow Lark,,
Easy Living,,
True Lies,,
Morning Star,,
Openness,,
Just in case,,
The Answer,,
Highway Jones,,
Stand Tall,,
Chills & Thrills,,
Don't Be a Fool,,
She Was a Doorman,,
Well Run Dry,,
Point of View,,
Love Sweet Love,,
Big Mouth,,
Go Faster,,
Few And Far Between,,
Open Road,,
Life On The Outside,,
Before You Hit The Ground,,
Motivational Speaker,,
Funky Guitar Blues,,
Who Do You Love?,,
T.C.B. or T.Y.A.,,
Vixen Eyes,,
Soul On Fire,,
Walkin' The Dawg,,
Lives That Don't Exist,,
Dark Side Of Love,,
Honey,,
Love Ain't a Love Song,,
Groove With Me,,
Born Under A Bad Sign,,
Mannish Boy,,
Smokestack Lightnin',,
Boom Boom,,
Everyday I Have the Blues,,
First Time I Met The Blues - 1960 Single Version,,
Mojo Hand,,
I'd Rather Go Blind,,
Dust My Broom,,
My Babe - Single Version,,
I'm Your Hoochie Coochie Man,,
John the Revelator,,
Help Me,,
Crosscut Saw,,
T-Bone Blues,,
Stumble,,
I've Got A Woman,,
Spoonful,,
Back Door Man,,
Working Man,,
I'm A Man - Single Version,,
Someday (Electric),,
Call It Stormy Monday,,
The Sky Is Crying,,
Buffalo Soldier,,
Now That We've Found Love - Single Version,,
Jamaican In New York,,
(You Gotta Walk) Don't Look Back - 2002 Remastered Version,,
You Don't Love Me (No,,
Molly Town,,
Girls Dem Sugar - Feat. Mya,,
Start It Up,,
Turn Your Lights Down Low,,
Kingston Town,,
Night Nurse,,
Kingston Town,,
Funky Kingston,,
Fly Rasta,,
One Drop,,
Wake Me Up - Reggae Mix,,
In My Arms,,
One Good Spliff,,
Wanted Dread and Alive - 2002 Remastered Version,,
Take Me Home,,
Permission,,
It Don't Make Any Difference To Me - Supa Dupes Remix,,
Pimper's Paradise,,
Sinsemilla,,
Marcus Garvey,,
Marijuana,,
Cool Down The Pace,,
My Jamaican Guy,,
Sunshine Reggae - Original Mix '82,,
Could You Be Loved,,
Better Must Come,,
Cool Runnings,,
The Voices Of Sweet Jamaica - All Star Remix, Leroy Sibbles, Freddie McGregor
Love Is My Religion,,
Red Red Wine - Edit,,
It's A Pity,,
So Much Trouble In The World,,
I Wish You Were Here,,
That Day Will Come,,
Hey Baby,,
All Of Me,,
Who Knows,,
Baby,,
Kaya,,
Nuthin' Wrong With The World,,
Dreadlock Holiday,,
One Day - New Album Version,,
Man Down,,
Chase The Devil,,
Road To Zion,,
Jamming,,
Rasta Should Be Deeper,,
I Shot The Sheriff,,
King Without a Crown - Live,,
It Wasn't Me,,
Sweat (A La La La La Long),,
Turn Me On,,
Welcome To Jamrock,,
Boom Shack-A-Lak - Edit,,
Is This Love,,
Intoxication,,
Beach In Hawaii,,
Police In Helicopter,,
Running Away - Winta James Mix,,
World A Music,,
Blind To You - Explicit Album Version,,
One Love / People Get Ready,,
One Draw,,
Superior,,
Look Who's Dancin',,
Police & Thieves,,
Get Up,,
Mount Zion Medley (ft. Capleton,,
Three Little Birds,,
Angel,,
Zungguzungguguzungguzeng,,
Here I Come,,
Lady,,
Pressure Drop,,
Legalize It,,
Iron Lion Zion,,
Boombastic,,
Baby Come Back - With Ali & Robin Campbell,,
Cheerleader,,
100 % of Loving,,
Murder She Wrote (Original Mix),,
Bush Doctor - 2002 Remastered Version,,
Dubbing Is a Must - 2010 Remastered Version,,
Weekend's Long,,
Stand Down,,
World A Reggae Music,,
Still Blazing,,
Hills And Valleys,,
Waiting In Vain,,
That Girl - feat. Shaggy,,
Johnny B Goode - 2002 Remastered Version,,
The International Herb,,
Rude,,
Natty Rebel - 1990 Digital Remaster,,
Tenement Yard,,
Sun Is Shining,,
Games People Play,,
Animal - Mark Ronson Remix,,
The Harder They Come,,
Take Five,,
When mi rise it,,
Humanity (Love the Way It Should Be),,
Iron Lion Zion,,
Con Truenos Hay Que Hablar,,
Que Esta Pasando,,
Tanto Por Ti,,
Nada,,
Sé Q' el Mar,,
Le da Igual,,
Sentimiento Original,,
Quiero Bailar,,
En el Aire,,
Emocionado,,
Con Vos,,
Momento,,
Sin Ti (feat. Quique Neira),,
Niños de Ghetto,,
Kultura Babylon,,
Este Sol,,
La complicidad,,
Mr Bobby,,
El Rugido Del León,,
Si el Amor Se Cae - Versión 25 Años [Live],,
Tu Presencia,,
Sensemina,,
Secreto mío,,
Cuidado,,
Me Toco Perder,,
No Mires Atras,,
Mucho Verso,,
Puedo esperarte,,
Fruto De La Tierra,,
Hoy,,
Reggae Para Los Amigos,,
Una Perla en Mi Vida - Versión 25 Años,,
La Pipa,,
Tu Nombre,,
Lova,,
Si No Somos Felices,,
Verde,,
Mi Niña,,
Canto En La Prision,,
El Reggae De Paz Y Amor,,
Big Up,,
Burning Song,,
Las Heridas Del Corazon,,
Mi Balcon - feat. Cultura Profetica,,
Pachanga,,
Reverdeciendo,,
Crossroads,,
Mexica,,
Tierra Indigena,,
En el camino,,
Vigila tu Espalda Friend,,
Mucho Verso,,
Ilegal,,
Tus Ojos,,
La Flor,,
If I Needed Someone,,
Pupilas Lejanas,,
Runaway (feat. The Original Wailers),,
Sin Ti,,
Bastará,,
Bongo Bong,,
Pensando en Ti,,
Love Song,,
The Lion of Judah,,
Tu Amor,,
Marihuana Cura,,
Se Alborotan,,
A Los Ojos,,
Antonia,,
Afro-Sound,,
Tengo Que Colgar,,
Durmiendo en el Lugar Equivocado,,
Quién Te Entiende,,
Me Está Gustando,,
Yo Si Me Enamoré,,
Porque Me Enamore,,
Prohibida,,
Siempre Te Voy A Querer,,
Afuera Está Lloviendo,,
No Lo Hice Bien,,
Como No Queriendo,,
Te Deseo Lo Mejor,,
Un Hombre Con Suerte,,
Que Caro Estoy Pagando,,
Adios Amor,,
Cómo Olvidarte,,
El Cuento Perfecto,,
Transparente,,
Te Metiste,,
No Vuelvas a Llamarme,,
Me Falta un Corazón,,
Consejos de amigos,,
En Estos Dias,,
Amor Del Bueno,,
A Sangre Fria,,
Me Vas a Extrañar,,
Te Acuerdas,,
Me Estorbas,,
Es Tan ExtraÑo,,
No Es Normal,,
Te Dirán,,
Estoy Tomando,,
Me Va a Extrañar,,
Me Va A Pesar,,
Para Ser Sincero,,
A Ver A Qué Horas - En Vivo,,
El Mayor de Mis Antojos,,
Permíteme,,
Te Acuerdas de Tu Amiga,,
Pongámonos De Acuerdo,,
La Repetición,,
Cuando Fuimos Nada,,
Inevitable,,
Ya Me Vi,,
Se Me Olvidó Quererte,,
Tu Mentira,,
Solo Con Verte,,
Hermosa Experiencia,,
Belleza De Cantina,,
Vete Ya,,
No Te Quiero Perder,,
Te Soñé,,
Borracho de Amor,,
Solo Un Dia (Ahora Te Amo),,
El Mejor Perfume,,
Mi Razón De Ser,,
Dámaso,,
Mi Enemigo El Amor,,
Nos Acostumbramos,,
Pero Te Vas A Arrepentir,,
Enséñame A Olvidarte,,
Se Me Sigue Notando,,
Aunque Te Duela,,
No Me Dolió,,
La Buena y la Mala,,
Y Llegaste Tú,,
Ni Lo Intentes,,
El Enamorado,,
A chillar a otra parte,,
Ni Que Valieras Tanto,,
Te Quiero Así,,
No Pasa Nada,,
Un Rinconcito en el Cielo,,
Y Tú - Ranchera,,
Que Me Entierren Con la Banda,,
Eres Mi Cenicienta,,
La Mejor De Todas,,
La Baraja,,
Escápate,,
La Rata Flaca,,
El Ruido De Tus Zapatos,,
Mi Olvido,,
Voy a Pistearme el Dolor,,
Las Edades,,
Eres Mi Droga,,
Porque Sin Ti,,
Una Entre Un Millón,,
San Lunes,,
Ando Bien Pedo,,
Mi Mayor Anhelo,,
Cabecita Dura,,
Vas A Llorar Por Mí,,
Ojala que te mueras,,
Mi Credo,,
Dos Hojas Sin Rumbo,,
Y Ahora Resulta,,
Doble Vida,,
Qué Te Costaba,,
Olvidarte No Será Sencillo,,
No Llega El Olvido,,
¿Y Todo Para Qué?,,
Para Que Regreses,,
Mujer de Piedra,,
Descuide,,
Adicto,,
La Mesa Del Rincon,,
Mujer De Todos,,
Como La Palma De Mi Mano,,
No Me Conoces Aún,,
Mi Segunda Vida,,
La Jaula De Oro,,
Complicidad (feat. Manuel Medrano),,
El cielo que me das,,
Dueles,,
De Pies a Cabeza - Saga Remix,,
Amor y Dolor,,
Fan de ti - Acústico,,
Dónde está el amor - feat. Jesse & Joy,,
Gulliver (with Natalia Lafourcade,,
Imaginando,,
Vuelves,,
Un latido,,
La tormenta - Acústico,,
Castígame,,
Me estoy enamorando - feat. Iván Torres,,
Solo Yo,,
Concierto salvaje,,
Pájaros disecados,,
California,,
Fiesta en el infierno,,
Recuérdame,,
Ganamos,,
Personal,,
La promesa,,
Es tu amor,,
Corazon partio,,
9 días,,
Garabatos,,
Similares,,
Perdimos el control,,
Eres,,
Complicidad,,
Y si te vas,,
La esperanza,,
No soy una de esas - feat. Alejandro Sanz,,
La escalera,,
Por quererte,,
Sin saber por qué,,
Tocado y hundido,,
Sin Miedo a Nada - con Amaia Montero,,
Entre la espada y la pared,,
Es la música,,
Tu jardín con enanitos,,
Ella,,
Amiga mia,,
Dramas y comedias,,
Qué has hecho con mi vida,,
Puerto Presente,,
Entre la espada y la pared,,
Bailando - Spanish Version,,
The Less I Know The Better ,,
Feel Good Inc ,,
Walking On A Dream ,,
Sweater Weather ,,
If I ever feel better ,,
Midnight City ,,
Take a Walk ,,
Uprising ,,
Shots - Broiler Remix ,,
Lonely Boy ,,
Prayer in C - Robin Schulz Radio Edit ,,
The Funeral ,,
Electric Feel ,,
Stressed Out ,,
Safe And Sound ,,
Take Me Out ,,
My Number ,,
Seven Nation Army ,,
Sex on Fire ,,
Houdini ,,
Last Nite ,,
Float On ,,
Paper Planes ,,
Red Eyes ,,
Desire - Gryffin Remix ,,
Island In The Sun ,,
One More Time ,,
Love Will Tear Us Apart ,,
Junk of the Heart (Happy) ,,
Classic (feat. POWERS) ,,
Such Great Heights ,,
Wildfire (feat. Little Dragon) ,,
Young Folks ,,
Heart It Races - Dr Dog Version ,,
The Man Who Sold The World ,,
So Good at Being in Trouble ,,
Here Comes Your Man ,,
Dakota ,,
Gone ,,
Shooting Stars ,,
Animal ,,
Disparate Youth ,,
Breezeblocks ,,
Ready For The Floor ,,
You're Not Good Enough ,,
C O O L ,,
Baby I'm Yours (feat. Irfane) ,,
Dreams ,,
Genesis ,,
Banquet ,,
Pumpin Blood ,,
I Can Change ,,
Put a Light On ,,
Never There ,,
Gronlandic Edit ,,
Wolf Like Me ,,
Real Slow ,,
Swing Tree ,,
Yoshimi Battles The Pink Robots Part 1 ,,
Ooh La La ,,
Fa-Fa-Fa ,,
Feeling Ok ,,
Can't Keep Checking My Phone - SILICON Rework ,,
Blind - Radio Edit ,,
Soul Meets Body ,,
Afterlife ,,
Paris (Aeroplane Remix) ,,
Alright ,,
White Lies ,,
Lights & Music ,,
Holding On ,,
Know What I Want ,,
Emerge ,,
Heartbeats ,,
Je veux te voir ,,
Crimewave ,,
One Girl / One Boy ,,
Let Go ,,
Dancing On My Own ,,
Filthy/Gorgeous ,,
Master Of None ,,
An Honest Mistake - CD Album Version ,,
Time ,,
Maps ,,
Girls And Boys ,,
This Head I Hold ,,
Close To Me ,,
Get Myself Into It ,,
Evil ,,
Holdin On To Black Metal ,,
Sweetest Kill ,,
I Turn My Camera On ,,
Burning ,,
Thunderhearts ,,
Age Of Consent ,,
Black Beatles ,,
Closer ,,
Starboy ,,
Let Me Love You ,,
Don't Wanna Know ,,
24K Magic ,,
Say You Won't Let Go ,,
Fake Love ,,
Cold Water (feat. Justin Bieber & MØ) ,,
Side To Side ,,
The Greatest ,,
Rockabye (feat. Sean Paul & Anne-Marie) ,,
In the Name of Love ,,
My Way ,,
All We Know ,,
Starving ,,
One Dance ,,
Treat You Better ,,
Heathens ,,
Call on Me - Ryan Riback Remix ,,
Mercy ,,
Shout Out to My Ex ,,
I Feel It Coming ,,
Don't Let Me Down ,,
Scars To Your Beautiful ,,
Juju On That Beat (TZ Anthem) ,,
Ain't My Fault ,,
Broccoli (feat. Lil Yachty) ,,
Perfect Strangers ,,
Party Monster ,,
We Don't Talk Anymore (feat. Selena Gomez) ,,
Fresh Eyes ,,
Chantaje ,,
Sucker For Pain (with Wiz Khalifa,,
Capsize ,,
The Mack ,,
Ride ,,
Caroline ,,
Too Good ,,
Otra Vez (feat. J Balvin) ,,
This Is What You Came For ,,
i hate u,,
Alarm ,,
Safari ,,
Setting Fires ,,
You & Me ,,
Hymn For The Weekend - Seeb Remix ,,
The Ocean ,,
Cheap Thrills ,,
Boys 'Round Here (feat. Pistol Annies & Friends) ,,
Let Me See Ya Girl ,,
Knee Deep (feat. Jimmy Buffett) ,,
Somebody Like You ,,
Run Away With You ,,
Highway Don't Care ,,
Bottoms Up ,,
That Don't Sound Like You ,,
Wagon Wheel ,,
Head Over Boots ,,
Somethin' 'Bout A Truck ,,
Go Ahead and Break My Heart (feat. Gwen Stefani) ,,
Nowhere Fast ,,
Strip It Down ,,
Break Up In A Small Town ,,
Chicken Fried ,,
Take A Back Road ,,
One Hell Of An Amen ,,
Make You Miss Me ,,
Drink You Away ,,
Don't It ,,
I Don't Dance ,,
Riser ,,
Leave The Night On ,,
(This Ain’t No) Drunk Dial ,,
T-Shirt ,,
Sippin’ On Fire ,,
Single For The Summer ,,
Wasted Time ,,
Til It's Gone ,,
House Party ,,
Drink to That All Night ,,
Sangria ,,
Barefoot Blue Jean Night ,,
Smoke ,,
Raised On It ,,
Anything Goes ,,
I Like The Sound Of That ,,
Stay A Little Longer ,,
Top Of The World ,,
Even If It Breaks Your Heart ,,
Wrong Turns ,,
Huntin',,
This Is How We Roll ,,
You'll Accomp'ny Me ,,
Homegrown ,,
Humble And Kind ,,
Break Up with Him ,,
It All Started with a Beer ,,
Yeah ,,
I'm Comin' Over ,,
Springsteen ,,
Drinking Class ,,
I Love This Life ,,
Rebound ,,
Night's On Fire ,,
Road Trippin' ,,
Cello Concerto in E Minor,,
Fantasiestücke,,
Schumann: Cello Concerto in A Minor,,
Sonata In D Minor,,
Symphony No. 2 in B Minor: III. Andante ,,
Beethoven: Piano Trio No. 5 in D Major,,
Concerto para Violão e Orquestra: I. Modinha ,,
Piano Trio No. 1 in D Minor,,
Graciela y Buenos Aires ,,
Études-tableaux,,
Cello Concerto No. 1 in E-Flat Major,,
Violin Sonata in B Minor: I. Allegro ,,
Brahms: Cello Sonata No. 2 in F Major,,
Act 3: XXXIX. Romeo Bids Juliet Farewell ,,
Images - Book 1,,
Scheherazade,,
Oboe Sonata,,
Divertimento,,
Symphony No. 7 in E Minor: I. Langsam - Allegro con fuoco ,,
L'Enfant et les sortilèges,,
Mikrokosmos,,
A Flock Descends Into The Pentagonal Garden ,,
Violin Concerto No. 2,,
Don Giovanni,,
Sonata In C For Cello And Piano Op.65: 1. Dialogo ,,
Bruckner : Symphony No.5 in B flat major [Original Version] : IV Finale - Adagio - Allegro moderato ,,
String Quartet No. 2 in D Major: I. Allegro moderato ,,
Delius: A Song of Summer,,
Scherzo No. 2 in B-Flat Minor,,
String Quartet No. 1 in E Minor 'From My Life': I. Allegro vivo appassionato ,,
Piano Concerto No.4 In G,,
String Quartet No.8 in C Minor,,
Rhapsody in Blue ,,
String Quartet No.10 In E Flat Major,,
Shenandoah (arr. for piano) ,,
String Quartet No. 6 Op.80 in F minor: I Allegro vivace assai ,,
String Quartet No. 4,,
String Quartet No.14 in D Minor,,
Madrigals,,
Piano Concerto No. 2 in G Major,,
Dissonance Quartet in C Major: Adagio,,
String Quartet No.15 in G,,
Prokofiev: Piano Concerto No. 3 in C Major,,
Schumann: Fantasiestücke,,
Tristan und Isolde / Act 1: Prelude - Langsam und smachtend ,,
En reve (Nocturne),,
Études,,
Hair Of The Dog (Studio Demo) ,,
30 Days In A Hole (Live) ,,
Love Is Like Oxygen (Rare Studio Version) ,,
Flirtin' With Disaster (Live) ,,
Every Little Thing (BBC Radio Session) ,,
Magic (Re-Recorded / Remastered) ,,
All The Young Dudes (Live) ,,
Spirit In The Sky ,,
Heat Of The Moment (Live) ,,
On The Road (Re-Recorded / Remastered) ,,
Once Bitten Twice Shy (Re-Recorded / Remastered) ,,
Boom,,
Slow Ride (Live) ,,
Sister Christian (Live) ,,
Rock N' Roll Hoochie Coo (Re-Recorded / Remastered) ,,
When The Children Cry (Original Studio Demo) ,,
Cat Scratch Fever (Live) ,,
Tell The World ,,
Cherry Pie (Re-Recorded / Remastered) ,,
Every Rose Has Its Thorn ,,
Magic Power ,,
Love Hurts (Studio Demo) ,,
Fox On The Run (Rare Studio Version) ,,
Summertime Blues (Live) ,,
You Can't Put Your Arms Around A Memory ,,
Doctor Doctor ,,
Kick Out The Jams (Original Uncensored Version 1968) ,,
Cum On Feel The Noize (Re-Recorded / Remastered) ,,
Gimme Some Lovin' (Finland '66) ,,
Saturday Night (Re-Recorded / Remastered) ,,
Devil's Answer ,,
Don't Let Him Know (Re-Recorded / Remastered) ,,
Let's Live For Today (Re-Recorded / Remastered) ,,
Devil With A Blue Dress On (Re-recorded / Remastered) ,,
Indian Reservation (Re-Recorded / Remastered) ,,
You Keep Me Hangin' On (Re-Recorded / Remastered) ,,
Wild Thing (Re-Recorded / Remastered) ,,
Sour Milk Sea ,,
Motorbikin' ,,
I Don't Need No Doctor (Live) ,,
London Calling - Remastered ,,
Blitzkrieg Bop - Remastered Version ,,
Basket Case ,,
The Kids Aren't Alright ,,
All The Small Things ,,
Anarchy In The U.K. ,,
Superman ,,
Story of My Life ,,
Linoleum ,,
Thrash Unreal ,,
Radio,,
The Passenger ,,
No Cigar ,,
Kick Out The Jams (Original Uncensored Version) ,,
Holiday in Cambodia ,,
Fat Lip ,,
Savior ,,
Miss Murder ,,
Cherry Bomb ,,
Time Bomb ,,
Last Caress ,,
Straight Edge ,,
Bob ,,
Fuck Authority ,,
American Slang ,,
TV Party ,,
New Noise ,,
Hooray For Me ,,
Amoeba ,,
Search and Destroy ,,
Hope ,,
42506,,
Trusty Chords ,,
Analog ,,
Ocean Avenue ,,
Sound System ,,
Anti-Manifesto ,,
I Don't Wanna Be An Asshole Anymore ,,
Corona ,,
You're Gonna Go Far,,
Waiting Room ,,
Banned In D.C. ,,
Gone ,,
1985,,
The Boys of Summer ,,
I Wanna Be Your Dog ,,
City Of Angels ,,
The Impression That I Get ,,
Sonic Reducer ,,
I Wanna Be Sedated ,,
In The City ,,
Try Honesty ,,
Bastards of Young - 2008 Remastered Version ,,
This Is the End (For You My Friend) ,,
Friends & Traitors ,,
Ever Fallen in Love (With Someone You Shouldn't've?) - 1996 Remastered Version ,,
Oh Bondage Up Yours! ,,
Prayer Of The Refugee ,,
Personality Crisis ,,
Rebel Girl ,,
Don't Want To Know If You Are Lonely ,,
I Was a Teenage Anarchist ,,
New Rose ,,
World's On Heroin ,,
Longview ,,
Don't Call Me White ,,
Rock 'N' Roll High School - Remastered ,,
Gotta Go ,,
My Friends Over You ,,
American Idiot ,,
Rise Above ,,
Everything Is Alright ,,
Institutionalized ,,
Can I Borrow Some Ambition? ,,
Pretend We're Dead ,,
Monsters ,,
Knifeman ,,
Kids in America ,,
Dumb Reminders ,,
Nightlife ,,
Because the Night - Remastered ,,
Shoulder to the Wheel ,,
Cool Kids ,,
God Save The Queen ,,
Dammit ,,
Self Esteem ,,
Should I Stay or Should I Go - Remastered ,,
Los Angeles ,,
I Was Wrong ,,
Ruby Soho ,,
Alternative Ulster ,,
Pretty Vacant ,,
A.D.D. ,,
Mercy Me ,,
Skate Or Die ,,
La Tormenta ,,
Sin Documentos ,,
Crimen ,,
La Muralla Verde ,,
El Farolito ,,
Así Es La Vida ,,
No Voy en Tren ,,
Viento ,,
Irresponsables ,,
Obsesión ,,
Como te extraño mi amor ,,
Devuelveme A Mi Chica ,,
El Microbito ,,
Frente A Frente ,,
Te Quiero Igual ,,
Vasos Vacíos ,,
Bonito ,,
Mentira - Remastered ,,
Mariposa Tecknicolor ,,
El Amor Después del Amor ,,
La Lanza ,,
Entre Dos Tierras ,,
Frijolero ,,
La Que Me Gusta ,,
Se Despierta La Ciudad ,,
Lucha De Gigantes ,,
A las Nueve ,,
Escuela de Calor ,,
Atún ,,
Imagina ,,
Siento Que... ,,
A Un Minuto De Ti ,,
Triste Cancion ,,
Sr. Cobranza ,,
Amnesia ,,
En El Muelle De San Blas ,,
La Espada & la Pared ,,
Enciendan los Parlantes ,,
La pachanga ,,
Mi Agüita Amarilla ,,
Tren Al Sur ,,
Dormir Soñando ,,
En Algun Lugar ,,
De Mis Pasos ,,
No Dejes Que ,,
Ja,,
Mala Vida ,,
Cuando Respiro en Tu Boca ,,
Afuera ,,
Las flores ,,
Los Malaventurados No Lloran ,,
Mil Horas ,,
Promesas Que no valen nada ,,
No Llora ,,
Mentiras ,,
Ella Estrella ,,
La chispa adecuada (feat. León Larregui) - MTV Unplugged ,,
Baracunatana ,,
La Dosis Perfecta ,,
Nos Siguen Pegando Abajo ,,
Pachuco - Remasterizado ,,
Depende ,,
Mil Horas ,,
Lobo-Hombre En Paris ,,
Persiana Americana - Remasterizado 2007 ,,
Atlas,Metal,
Wasted Years - 1998 Remastered Version ,,
Tornado Of Souls - 2004 Digital Remaster ,,
Walk ,,
Holy Diver ,,
Raining Blood ,,
Crazy Train - Remastered ,,
Painkiller ,,
Hot For Teacher ,,
Metal Church ,,
I Want Out ,,
Moth Into Flame ,,
The Toxic Waltz ,,
2 Minutes To Midnight - 1998 Remastered Version ,,
Balls to the Wall ,,
Princess of the Night ,,
Cowboys From Hell ,,
Sad But True ,,
A Dangerous Meeting ,,
South Of Heaven ,,
Overkill ,,
Electric Eye ,,
Electric Crown ,,
Master Of Puppets ,,
Kings Of Metal ,,
Tarot Woman ,,
Cold Sweat ,,
Hardwired ,,
Run to the Hills - 1998 Remastered Version ,,
Solitude ,,
Victim Of Changes ,,
Battle Hymn ,,
Fight Fire With Fire ,,
Still Of The Night - 2007 Remastered Version ,,
Metal On Metal ,,
Symptom of the Universe ,,
Where Eagles Dare - 1998 Remastered Version ,,
N.I.B. ,,
Wild Child ,,
Iron Man ,,
We Rock ,,
Metal Health (Bang Your Head) ,,
Doctor Doctor ,,
Can U Deliver ,,
Breaking The Chains ,,
Edge of Thorns ,,
Killed By Death ,,
All We Are ,,
The Four Horsemen (Remastered) ,,
Learn to Fly ,,
The Kids Aren't Alright ,,
Killing In The Name - Remastered ,,
Even Flow ,,
Drive ,,
My Own Worst Enemy ,,
Basket Case ,,
Man in the Box ,,
Smells Like Teen Spirit ,,
Tomorrow - Remastered ,,
Freak On a Leash ,,
The Distance ,,
Loser ,,
Two Princes ,,
Semi-Charmed Life ,,
Shimmer - Single Version ,,
Inside Out ,,
Down ,,
Everlong ,,
Plush ,,
Alive ,,
Ball and Chain ,,
Cannonball ,,
Pretty Fly (For a White Guy) ,,
The Freshmen ,,
Runaway Train ,,
Only Happy When It Rains ,,
Brick ,,
Creep ,,
Bulls On Parade ,,
Girlfriend ,,
1979,,
Mmm Mmm Mmm Mmm ,,
No Rain - 2002 - Remastered ,,
All I Want ,,
Wonderwall ,,
Bitter Sweet Symphony ,,
Criminal ,,
Plowed ,,
Been Caught Stealing ,,
I Don't Know Anything ,,
Sex And Candy ,,
Buddy Holly ,,
Santa Monica ,,
Got the Life ,,
Pure Massacre - Remastered ,,
Jeremy ,,
Lump ,,
Mr. Jones ,,
Hallelujah ,,
Meet Virginia ,,
Never There ,,
Superman ,,
Superman's Dead ,,
Little Miss Can't Be Wrong ,,
All Mixed Up ,,
Just A Girl ,,
Why Don't You Get a Job? ,,
My Hero ,,
Pardon Me ,,
No Excuses ,,
River Of Deceit ,,
Everything You Want ,,
The Beautiful People ,,
Standing Outside a Broken Phone Booth with Money in My Hand ,,
What I Got ,,
99 Red Balloons ,,
If I Can't Change Your Mind ,,
Nearly Lost You ,,
Zombie ,,
I Will Survive ,,
Hey Man,,
I Miss You ,,
Clean My Wounds ,,
Closer ,,
Would? ,,
2 Wicky ,,
Cut You In ,,
When I Come Around ,,
Stars ,,
She Don't Use Jelly ,,
Closing Time ,,
S.O.B. ,,
Douglas Douglass ,,
Be My Husband ,,
Water Fountain ,,
Cups ,,
Down To The River ,,
All Is Love ,,
Step Into My Office,,
Housebroken Man ,,
All I Want Is You ,,
The Train That Carried My Gal From Town ,,
Road To Nowhere ,,
I've Got A Dog And My Dog's Name Is Cat ,,
Adelaide ,,
King of the World ,,
Back To You ,,
My Best Friend ,,
Ain't No Grave ,,
Rollin' Over ,,
I Will Wait ,,
In Our Talons ,,
Fuel The Fire ,,
Ode to Work a Day ,,
Black Mountain Side ,,
Reggaetón Lento (Bailemos) ,,
Otra Vez (feat. J Balvin) ,,
Chantaje ,,
Safari ,,
Gyal You A Party Animal - Remix ,,
Vente Pa' Ca ,,
Traicionera ,,
Dile Que Tu Me Quieres ,,
Bailame Despacio ,,
Vacaciones ,,
Shaky Shaky - Remix ,,
El Perdedor - The Remix ,,
El Chisme ,,
Mi Tesoro (feat. Nicky Jam) ,,
Ay Mi Dios ,,
De Pies a Cabeza - Saga Remix ,,
Me Llamas ,,
Ya Me Enteré - Urban Version ,,
Necesito Ayuda ,,
Si Ella Quisiera (Remix) [feat. Yandel & Gadiel] ,,
Manicomio ,,
Acércate (feat. Nicky Jam) - Remix ,,
Te Quiero Pa´Mi ,,
Quítate la Pena ,,
Otra Copa (feat. Farruko) ,,
Ruleta Rusa ,,
La Cómplice ,,
Si Me Dices Que Si (feat. Nicky Jam) ,,
La Bicicleta - Remix ,,
Amor y Dolor (feat. Alexis & Fido) ,,
Quédate - Remix ,,
Playa y Arena (Remix) ,,
Que Raro ,,
Ya Quiero ,,
Encantadora - Remix ,,
Hello ,,
Bobo ,,
DUELE EL CORAZON - Remix ,,
Rico Suave ,,
Hasta el Amanecer - The Remix ,,
Pierde Los Modales ,,
Detras De Ti (Remix) [feat. Ozuna] ,,
Nos Olvidamos ,,
La Fila ,,
Embriágame (feat. Don Omar) - Remix ,,
Andas En Mi Cabeza - Remix ,,
Borro Cassette ,,
La Oportunidad ,,
Hasta Que Se Seque el Malecón - Remix ,,
Una en un Millón - Remix ,,
No Quiere Enamorarse (Remix) [feat. Daddy Yankee] ,,
Lloraras ,,
Yo No Se Manana ,,
La Murga ,,
La rebelion ,,
Conteo Regresivo - Salsa Version ,,
Flor Pálida ,,
Micaela ,,
Fabricando Fantasias - Salsa Version ,,
La Agarro Bajando ,,
Desnúdate Mujer ,,
He Tratado ,,
Amores Como el Nuestro ,,
Gotas De Lluvia ,,
Que Locura Enamorarme De Ti ,,
Aquel Lugar ,,
Decisiones ,,
Mi Media Mitad ,,
Oiga,,
Valió la Pena - Salsa Version ,,
Cachondea ,,
Tu Amor Me Hace Bien - Salsa Version ,,
Conciencia ,,
Ven devorame otra vez ,,
Vivir lo nuestro ,,
Anacaona ,,
Un Verano En Nueva York ,,
El Preso ,,
Tu Con El ,,
Aquél Viejo Motel ,,
Ven Devórame Otra Vez ,,
El Dia De Suerte ,,
Sin Sentimientos ,,
Por Ella ,,
Cinco Noches ,,
Te Va a Doler ,,
El Cantante ,,
Me Liberé ,,
I Love Salsa ,,
Señora De Madrugada ,,
No Me Acostumbro ,,
Lluvia ,,
Cali Pachanguero ,,
La Quiero A Morir ,,
Cuando Se Juega Con Fuego ,,
Comerte A Besos - Salsa Version ,,
Pirata - Original Version ,,
Siempre Seré ,,
Esa Mujer ,,
Tengo Ganas - Versión Salsa ,,
Juliana ,,
Estos Celos ,,
Adicto a Tu Piel ,,
Pirata de Amor ,,
Amor Perfecto ,,
Vamonos Pal Monte ,,
Qué Hay de Malo ,,
Estoy Confundido ,,
Una Aventura ,,
Tu Sin Mi ,,
Qué Se Siente ,,
Corazón Sin Cara ,,
Propuesta Indecente ,,
Te Extraño - Bachata Version ,,
Hoja En Blanco ,,
El malo ,,
Solo Quise Quererte ,,
Me Puedo Matar (feat. Hactor Acosta) ,,
La Mejor de Todas ,,
Eres Mía ,,
Darte un Beso ,,
24 Horas ,,
Quiereme ,,
Te Robaré ,,
Tengo un Amor ,,
Infiel ,,
Llévame Contigo ,,
El Pobre (Remix) [feat. Luis Vargas] ,,
Dile al amor ,,
Cuanto Duele ,,
Vagabundo,,
Solita ,,
Debate De 4 ,,
Tu Eres Ajena ,,
Que Ironía (Versión Bachata) ,,
Poquito A Poquito ,,
Los infieles ,,
El Cuchillo ,,
Necio ,,
La Carretera ,,
Loco De Amor ,,
Obsesion ,,
Cancioncitas de Amor ,,
Culpa al Corazón ,,
Donde Estan Esos Amigos ,,
Donde Estara ,,
Hilito ,,
Perdidos ,,
Culpables ,,
Inocente ,,
24 Horas ,,
Nereyda ,,
Me Voy (feat. Romeo Santos) ,,
No Es una Novela ,,
Por Tu Culpa ,,
El Aire Que Respiro ,,
Tatuaje ,,
Just The Way You Are ,,
No Tengo Suerte En El Amor ,,
La Bella Y La Bestia ,,
Diez Segundos ,,
