cancion;artista;genero;;
Amor Sin Confianza;Aaron Y Su Grupo Ilusion;Cumbia;;
Amor Sin Primavera;Los Yaguaru;Cumbia;;
Cuerpo Cobarde;Los 50 De Joselito;Cumbia;;
Cumbia Campanera;Celso Pina;Cumbia;;
Cumbia Cienaguera;Los Dinamiteros de Colombia;Cumbia;;
Cumbia Del Caribe;Orquesta De Edmundo Arias;Cumbia;;
Cumbia del Puerto;Conjunto Los Rumberos;Cumbia;;artista-compuso->cancion
Cumbia Sabrosa;Climaco Sarmiento Y Su Orquesta;Cumbia;;genero-contiene->artista
Cumbia Sampuesana;Super Orquesta Cartagena;Cumbia;;artista-relacionado->estado
Cumbia Sobre el Mar;Los Caciques del Valle;Cumbia;;
Cumbia y Sol;Andres Landero;Cumbia;;
El Borracho;Jimmy Y Su Combo Negro;Cumbia;;
El Chuponcito;Sonora Tropicana;Cumbia;;
El Diario De Un Borracho;Aniceto Molina;Cumbia;;
El Hombre Que Yo Amo;Sonora Tropicana;Cumbia;;
El Pescador De Baru;Los Warahuaco;Cumbia;;
En Silencio Te Amare;El Combo De Las Estrellas;Cumbia;;
Enamorando (sin Querer Queriendo);Los Warahuaco;Cumbia;;
Ese Muerto No Lo Cargo Yo;Gustavo Quintero;Cumbia;;
Esta Noche Es Mia;Alfredo Gutierrez;Cumbia;;
Festival Vallenato;Nelson Henriquez;Cumbia;;
Golpe Con Golpe;Pastor Lopez;Cumbia;;
He Nacido Para Amarte;Los Warahuaco;Cumbia;;
La Candela Viva;Jorge Celedón;Cumbia;;
La Carta Numero Tres;Alfredo Gutierrez;Cumbia;;
La Colegiala;Rodolfo y su Típica RA7;Cumbia;;
La Negra Caderona;Aniceto Molina;Cumbia;;
La Subienda;Gabriel Romero;Cumbia;;
La vendetta;Sonora Everest;Cumbia;;
La Zenaida;Armando Hernandez;Cumbia;;
Londres;Nelson Y Sus Estrellas;Cumbia;;
Luz De Cumbia;Anibal Velasquez Y Su Conjunto;Cumbia;;
Me Importa un Carajo;Gabriel Romero Y Su Orquesta;Cumbia;;
Mentirosa (Eres Mentirosa);Chicos de Barrio;Cumbia;;
Mi Cumbia;Anibal Velasquez Y Su Conjunto;Cumbia;;
Mi Cumbia Colombiana;Rayito Colombiano;Cumbia;;
Mi morena;La Sonora Cordobesa;Cumbia;;
Micaela;Lisandro Meza;Cumbia;;
Mil Horas;La Sonora Dinamita;Cumbia;;
Mosaico Bailador (Con La Pata Pela/La Totuma);Los 50 De Joselito;Cumbia;;
Muchachita Consentida;Rayito Colombiano;Cumbia;;
Oasis De Amor;Simba Musical;Cumbia;;
Ojos Hechiceros;Afrosound;Cumbia;;
Ponchito de Colores;Afrosound;Cumbia;;
Que Nadie Sepa Mi Sufrir;La Sonora Dinamita;Cumbia;;
Que Tristeza Me Da;Antonio Rivas;Cumbia;;
Reina De Cumbias;Armando Hernandez;Cumbia;;
Tabaco Y Ron;Rodolfo y su Típica RA7;Cumbia;;
Tan Solo Mi Amor;Efrén David Rivera;Cumbia;;
Tarjetita de Invitacion;Luis Ornelas y su Grupo;Cumbia;;
Te Llevaré;Lisandro Meza Y Su Conjunto;Cumbia;;
Voy a pintar un corazón;Los Acosta;Cumbia;;
Rumba Cha Cha;Grupo Kual?;Cumbia;;
Cocodrilo;La More;Cumbia;;
Todo Me Gusta De Ti;Aaron Y Su Grupo Ilusion;Cumbia;;
Echarme Al Olvido;Grupo Cañaveral De Humberto Pabón;Cumbia;;
Llorar;Los Socios Del Ritmo;Cumbia;;
Tu Traición;Grupo Bryndis;Cumbia;;
Amor En Llamas;Roberto Moron Y Su Atentado Internacional;Cumbia;;
Cumbia en la Playa;Grupo Kual?;Cumbia;;
Como Una Novela;Los Acosta;Cumbia;;
Ámame;Los Llayras;Cumbia;;
Yo Soy Tu Maestro;Los Telez;Cumbia;;
Mix Juguito De Pina;Simba Musical;Cumbia;;
Los Caminos De La Vida;La Tropa Vallenata;Cumbia;;
Él Soy Yo;Samuray;Cumbia;;
El Listón De Tu Pelo;Los Angeles Azules;Cumbia;;
Tú Me Quieres Lastimar;Ladron;Cumbia;;
Un Sueño;Los Angeles De Charly;Cumbia;;
Loco Loquito;Grupo Sonador;Cumbia;;
Cómo Te Voy A Olvidar;Los Angeles Azules;Cumbia;;
Pobre Corazon (Radio Mix);Chucho Ponce Los Daddys de Chinantla;Cumbia;;
Tiene Espinas El Rosal;Grupo Cañaveral De Humberto Pabón;Cumbia;;
Piensa En Mí;Grupo Mojado;Cumbia;;
Me Vas A Recordar;Los Angeles De Charly;Cumbia;;
Mis Sentimientos;Los Angeles Azules;Cumbia;;
Destilando Amor;Aaron Y Su Grupo Ilusion;Cumbia;;
Mi Niña Mujer;Los Angeles Azules;Cumbia;;
Tu Me Cambiaste la Vida;La Revancha;Cumbia;;
Que Bello;Sonora Tropicana;Cumbia;;
Me Volví A Acordar De Ti;Los Angeles De Charly;Cumbia;;
Guaracha Sabrosona;Alberto Pedraza;Cumbia;;
Abandonado;Los Acaboy's;Cumbia;;
Mira oye;Los Tigrillos;Cumbia;;
Te Amo;Los Mier;Cumbia;;
Rumba Frenesi;Grupo Kual?;Cumbia;;
Amor Regresa;Los Askis;Cumbia;;
Cosas del Amor;Grupo Pegasso;Cumbia;;
La Inconforme;Grupo G;Cumbia;;
El Gigante de Hierro;Grupo Sonador;Cumbia;;
Doy La Vida Por Un Beso;Grupo Bryndis;Cumbia;;
Las Mujeres No Se Acaban;Grupo Kual?;Cumbia;;
El Verde De Tus Ojos;Los Yes Yes;Cumbia;;
Vida No Te Vayas;Los Yaguaru;Cumbia;;
No Te Voy A Perdonar;Grupo Cañaveral De Humberto Pabón;Cumbia;;
You Want Me;Tom Zanetti;House;;
Would I Lie to You;John Gibbons;House;;
Daylight - Radio Edit;Disciples;House;;
Yebisah;Mark Knight;House;;
Runnin';Low Steppa;House;;
Be Here;Duke Dumont;House;;
Freak Like Me (feat. Katy B & MNEK) - Radio Edit;Lee Walker;House;;
The Girl Is Mine featuring Destiny's Child & Brandy - Club Mix;99 Souls;House;;
P.Y.T. (Pretty Young Thing);Eden Prince;House;;
I Wanna Feel - Radio Edit;Secondcity;House;;
Gecko (Overdrive) - Radio Edit;Oliver Heldens;House;;
Just Say;KDA;House;;
All Four Walls;Gorgon City;House;;
I Loved You (feat. Melissa Steel);Blonde;House;;
What I Might Do - Radio Edit;Ben Pearce;House;;
Desire - Gryffin Remix;Years & Years;House;;
Crank It (Woah!) - Radio Edit;Kideko;House;;
Could You Love Me? - Radio Edit;Black Saint;House;;
Rhymes;Hannah Wants;House;;
Up and Down;Kattison;House;;
You Got Me Baby;Lushington;House;;
The Giver (Reprise) - Reprise;Duke Dumont;House;;
Rinse & Repeat - Radio Edit;Riton;House;;
Bahp - Radio Edit;Metroplane;House;;
Restless;Hot Since 82;House;;
Au Seve;Julio Bashmore;House;;
Slave To The Vibe - Radio Edit;Billon;House;;
Turn Back Time (Retrospect) - Radio Edit;Kokiri;House;;
Fever (feat. FERAL is KINKY);Endor;House;;
Sort It Out Sharon;Dusky;House;;
Never Letting Go - David Zowie Remix;Zac Samuel;House;;
The Jam;Kideko;House;;
House Work;Jax Jones;House;;
Pony (Jump On It) - Radio Mix;Tough Love;House;;
All Night;Ryan Blyth;House;;
Ride This Train (feat. Aniff Akinola);Icarus;House;;
Games;TCTS;House;;
Everything You Never Had (We Had It All) [feat. Andreya Triana];Breach;House;;
Inside Of Me - Radio Edit;My Digital Enemy;House;;
Later;Example;House;;
The Renegade;Friend Within;House;;
BOSS - Radio Edit;Disclosure;House;;
False Alarm - KC Lights Remix;Matoma;House;;
What I Need - Original Mix;DJ Cameo;House;;
Do You;Shadow Child;House;;
Just Be Good To Me - Rare Candy Remix;Ku De Ta;House;;
Feel Good (It's Alright) [feat. Karen Harding] - Ferdinand Weber; Fabich Remix;House;;
Come Down;Chris Lorenzo;House;;
Joy & Pain - Radio Edit;Apexape;House;;
Eva;Punctual;House;;
Front Line;Tuff London;House;;
Inside the Lines;Mike Perry;House;;
Wake Up Where You Are;State of Sound;House;;
Solo Dance;Martin Jensen;House;;
Come Closer;KLYMVX;House;;
Revolution;EC Twins;House;;
L.I.F.E.;Remady;House;;
Our Way;Ftampa;House;;
Capsize;FRENSHIP;House;;
What Is Love 2016;Lost Frequencies;House;;
Somewhere New - Radio Edit;Klingande;House;;
Cold Ain't For Me;Oceans;House;;
Be Like You;CVBZ;House;;
Say You Won't Let Go - Luca Schreiner Remix;James Arthur;House;;
Call On Me - Ryan Riback Remix;Starley;House;;
No Diggity;Campsite Dream;House;;
Let Me Love You;SJUR;House;;
Runaways;Sam Feldt;House;;
The Ocean;Mike Perry;House;;
Ain't Giving Up;Craig David;House;;
Young Souls - Album Edit;Broken Back;House;;
Feel - Radio Edit;Mahmut Orhan;House;;
Just Hold Me;Maybon;House;;
Emelie;filous;House;;
Let Me Hold You (Turn Me On);Dante Klein;House;;
Winterbreak - Tiësto's Deep House Remix;MUNA;House;;
Generationwhy;ZHU;House;;
Carry Me;Kygo;House;;
The Best Crew;Tep No;House;;
Rooftop;NOËP;House;;
Painted Sky;LCAW;House;;
Watch The Sun;Comet Blue;House;;
All I Wanna Do;Martin Jensen;House;;
Cold Water (feat. Justin Bieber & MØ) - Lost Frequencies Remix;Major Lazer;House;;
It's Alright;MIKVH;House;;
Under The Sky;Purasangre;House;;
Bad Ideas;Alle Farben;House;;
Summer Nights - Tiësto’s Deep House Remix;Tiësto;House;;
Walls (summer mix);Tez Cadey;House;;
In Common - Kaskade Radio Mix;Alicia Keys;House;;
Faded - Tiesto's Deep House Remix;Alan Walker;House;;
Surviving;Sondr;House;;
Don't Be so Shy - Filatov & Karas Remix;Imany;House;;
Beautiful Life;Lost Frequencies;House;;
Dreamreacher;Bakermat;House;;
Cold in California;Marcus Layton;House;;
Dreamin';Embody;House;;
Can't Get To You - Summer Edit;TooManyLeftHands;House;;
White Tiger - Marcus Layton Remix;Izzy Bizu;House;;
Miracle;Julian Perretta;House;;
Sex;Cheat Codes;House;;
Raging;Kygo;House;;
Thinking About It (Let It go) - KVR Remix;Nathan Goshen;House;;
Higher Love - Original Mix;Charming Horses;House;;
Into The Sunset;Mako;House;;
Coming Over (feat. James Hersey);Dillon Francis;House;;
Feel Good Inc.;filous;House;;
Want You;Bearson;House;;
In the Morning;Kaskade;House;;
Can't Go Home - Radio Edit;Steve Aoki;House;;
Hundred Miles;Yall;House;;
I've Fallen for You;Tom Redwood;House;;
Walking in the Sun;PANG!;House;;
Another Love - Zwette Edit;Tom Odell;House;;
Stay;Kygo;House;;
Run - Lost Frequencies Radio Edit;Emma Bale;House;;
Reality - Radio Edit;Lost Frequencies;House;;
Save Me;LISTENBEE;House;;
Spaceship;Comet Blue;House;;
How Hard I Try;filous;House;;
Ohio - Filous Remix;Damien Jurado;House;;
Beat the Sunrise;SNBRN;House;;
Cheerleader - Felix Jaehn Remix Radio Edit;OMI;House;;
Heaven;Alex Adair;House;;
All My Friends - 99 Souls Remix;Snakehips;House;;
Automatic;ZHU;House;;
Come To Me (Ofenbach Remix) - Radio Edit;Lily & Madeleine;House;;
Waves - Robin Schulz Radio Edit;Mr. Probz;House;;
Crush;Campsite Dream;House;;
Miracles;Martin Jensen;House;;
Dreams;Campsite Dream;House;;
233 Vicario;Tatomed;Techno;;
The Afterhour - Original Mix;Oscar L;Techno;;
Albert in a Cloud;Como Sea;Techno;;
Alkaline - Kintar Remix;Jose M.;Techno;;
All of This;Protocluster;Techno;;
Angel - Club Mix;Noir & Hayze;Techno;;
Atlas - Adriatique Remix;Marc Romboy;Techno;;
Bahnhof;Fur Coat;Techno;;
Big Love - Pirupa Remix;Emanuel Satie;Techno;;
Clap Your Hands;Coyu;Techno;;
Clap Your Hands - Solomun Remix;Whilk & Misky;Techno;;
Closer - Hot Since 82 Remix;Cristoph;Techno;;
Complex - Serge Devant Remix;Jonas Rathsman;Techno;;
Control - Kruse & Nuernberg Remix;Modul Kollektiv;Techno;;
Datnoid;Giorgio Maulini;Techno;;
Echoes;Beatamines;Techno;;
Esencia;Marcos Cruz;Techno;;
Everyone - Teenage Mutants Remix;Yves Murasca;Techno;;
Fall - Oxia Remix;Kidnap Kid;Techno;;
Flow;Sam Paganini;Techno;;
Foxer;Matador;Techno;;
Fuego - Julian Jeweil Remix;Dubfire;Techno;;
Ghetto Kraviz - Regal 'Sad' Remix;Nina Kraviz;Techno;;
Girl Scout Cookies - Original Mix;Sacha Robotti;Techno;;
Hi & Low - Konstantin Sibold Acid Mix;WhoMadeWho;Techno;;
Humanism;Barber;Techno;;
Humano - Victor Ruiz Remix;Dubfire;Techno;;
Keep It Low - Chris Liebing Mix;Loco Dice;Techno;;
Keep This - Tale Of Us Remix;The/Das;Techno;;
Keep Up (feat. J.U.D.G.E.);Noir;Techno;;
Kinky Tail - Original Mix;Detlef;Techno;;
La Cantaora - Original Mix;Joseph Gaex;Techno;;
Lake Ghost - Original Mix;Wehbba;Techno;;
Land Of The Giants - Original Mix;Jamie Jones;Techno;;
Lidl Girl - Carl Cox Remix;Popof;Techno;;
Like It or Not - Joris Voorn Remix;Bob Moses;Techno;;
Lucero Del Alba - Original Mix;Henry Saiz;Techno;;
Make You Mine - Original Mix;Justin Jay;Techno;;
Messiah (feat. J.U.D.G.E.);Noir;Techno;;
Meteora;Moonwalk;Techno;;
Midnight Walking - Original Mix;Adriatique;Techno;;
Nicole Moudaber & Skin - These Walls Are Made of Water (Pan-Pot Remix);Nicole Moudaber;Techno;;
Orbit - Original Mix;Julian Jeweil;Techno;;
Osa;Recondite;Techno;;
Parallels;Adam Beyer;Techno;;
Play It Loud! - Mihalis Safras Remix;Marco Carola;Techno;;
Redemption;Anna;Techno;;
Renata - Dark Mix;Joseph Gaex;Techno;;
Sending This One Out - Kenny Dope O'Gutta Beats;Loco Dice;Techno;;
Sleepwalker;Loco & Jam;Techno;;
Talker - Olivier Giacomotto Mix;Olivier Giacomotto;Techno;;
Temporal Perception;Romero;Techno;;
Terra - Joseph Capriati Remix;Dubfire;Techno;;
That's It;Adrian Hour;Techno;;
Tiger In Tow - TouchTalk Remix;Flow & Zeo;Techno;;
Turn Off;Stefano Noferini;Techno;;
Velvet Revolver;Matador;Techno;;
Vermillion - & Me Remix;Damian Lazarus;Techno;;
X;Eagles & Butterflies;Techno;;
Your Everything - Original Mix;Danny Daze;Techno;;
Planet E - Danny Daze Remix;Tiga;Techno;;
View of Delft;Wehbba;Techno;;
Songs Of Phase;Dusky;Techno;;
Sinesthesya - Original Mix;Viels;Techno;;
Metropolix - Remix;Fran Rives;Techno;;
Draco;Victor Ruiz;Techno;;
Fuselage;Koen Groeneveld;Techno;;
Do What You Wanna Do (IMS Anthem) - MK Disko Dub;Nile Rodgers;Techno;;
Nokturn - Grand Finale;Axel Boman;Techno;;
Deep Reverse;Luca Debonaire;Techno;;
2127;Eminence;Techno;;
Always & Forever;Joseph Capriati;Techno;;
6am - CJ Jeff Remix;Eddie Amador;Techno;;
Iceland - Laurent Garnier Babou's Bigger Than Ever Remix;Marc Romboy;Techno;;
Harlequin - The Beauty and the Beast - Tuff City Kids Remix;Sven Väth;Techno;;
Sleepless - Stephan Bodzin Remix;Pan-Pot;Techno;;
Sort It Out Sharon - Instrumental Club Mix;Dusky;Techno;;
Lockup - Original Mix;Gaiser;Techno;;
That Shhh;Andrea Oliva;Techno;;
Subzero - Original Mix;Ben Klock;Techno;;
Disappear;Julia Govor;Techno;;
Awake - Julian Jeweil Remix;Joseph Capriati;Techno;;
Suzee - TR324;Mark Knight;Techno;;
What You Need;Adam Beyer;Techno;;
Letters (Capital) - Jeremy Olander Remix;Sailor & I;Techno;;
The Beauty & the Beast - Eric Prydz Re-edit;Sven Väth;Techno;;
Feel It - Original Mix;Marco Molina;Techno;;
Heatwave - Radio Edit;Prok & Fitch;Techno;;
Scorched Earth Policy - Original Mix;Matt Lange;Techno;;
Double The Lust;UMEK;Techno;;
Malice;Drezo;Techno;;
Exist;Joran Van Pol;Techno;;
Sugar Rush - Original Mix;Ronnie Spiteri;Techno;;
Machine;Danny Daze;Techno;;
Black Vans;Bart Skils;Techno;;
Riot - Carl Cox Remix;Pan-Pot;Techno;;
Flam Mode;Wolfgang Gartner;Techno;;
Acid Dude - Original Mix;Koen Groeneveld;Techno;;
Afterhours - Original Mix;Gina Turner;Techno;;
Ape;Disciples;Techno;;
Detroit;Alberto Ruiz;Techno;;
C'mon Playa - 1200 Tech Mix;Mark Farina;Techno;;
Fist Bump From Destiny;Pan-Pot;Techno;;
Midnight;Boys Noize;Techno;;
Hot Butter On A Breakfast Toast;Koen Groeneveld;Techno;;
Captain My Captain;Pan-Pot;Techno;;
Eternia;Alan Fitzpatrick;Techno;;
Restart The Sun - Original Mix;Hugo Massien;Techno;;
Mount Belzoni - Original Mix;Dusky;Techno;;
Club Culture - Original Mix;Claudio Bruno;Techno;;
Euphoria;Boys Noize;Techno;;
Where Haus? - Original Mix;Alan Fitzpatrick;Techno;;
Us - Doorly Remix;Kaskade;Techno;;
Get Comfy (Underground Sound Suicide) - ROD Remix Two;Loco Dice;Techno;;
Lizard King - Julian Jeweil Remix;Pig & Dan;Techno;;
Circular Thing - Hot Since 82 Remix;Krankbrother;Techno;;
Mysterious Traveller (Groovy Intent Mix);System 7;Techno;;
Divisions (Downstairs);Pascal Hetzel;Techno;;
Reconstruction;Roel Salemink;Techno;;
Nighthawk - Original Mix;Mat.Joe;Techno;;
Kinetic Energy - Original Mix;Filterheadz;Techno;;
Cuartero;Dioneli;Techno;;
You Ain't Gotta Bounce to This (Lean);Black Caviar;Techno;;
Awake;Roel Salemink;Techno;;
The Duster;Eats Everything;Techno;;
Delirium Is Family 2 - Original Mix;UMEK;Techno;;
Take My Love;Michael Woods;Techno;;
Amalgamation;Idriss D;Techno;;
Heaven - Mark Jenkyns Remix;Him_Self_Her;Techno;;
Keep It Low;Loco Dice;Techno;;
Moroccan Chant Number 2 - Roel Salemink & Drumcomplex Remix;Carl Cox;Techno;;
Take Me Away - Truncate Remix;Dj 3000;Techno;;
Into My Life - Original Mix;Mark Knight;Techno;;
Nowhere;Koen Groeneveld;Techno;;
Heimat - Robag's Turmkolle Rekksmow;Kollektiv Turmstrasse;Techno;;
The Rush;Latmun;Techno;;
Kenzo;Koen Groeneveld;Techno;;
The Power - Stefano Noferini Re-Edit;Luca M;Techno;;
Ready2Go;Danny Daze;Techno;;
Defiler;Pleasurekraft;Techno;;
Mellow;Andrea Oliva;Techno;;
There Is No Safe Word;Pleasurekraft;Techno;;
Work This Data - Original Mix;UMEK;Techno;;
On Off;Cirez D;Techno;;
Spastik - Dubfire Rework;Plastikman;Techno;;
Blixx - Original Mix;Alan Fitzpatrick;Techno;;
Tears - Original Mix;Prok & Fitch;Techno;;
Leave Me - Dubfire Playa Remix;Hot Since 82;Techno;;
Collinearity - Oscar L Remix;UMEK;Techno;;
Man Gone - Tube & Berger Remix;Weiss (UK);Techno;;
Sandstorm;Pig & Dan;Techno;;
The Bumps - Julian Jeweil Remix;John Monkman;Techno;;
Dibiza - Joseph Capriati Remix;Danny Tenaglia;Techno;;
Technological - TKNO Remix;Ali Wilson;Techno;;
Rebel XX;Pryda;Techno;;
Latino - Original Mix;Robbie Rivera;Techno;;
Run Baby Run;Paul Ritch;Techno;;
Radar - Original Mix;Lupe Fuentes;Techno;;
Better for My Brain - Original Mix;Pele;Techno;;
Skin Deep;Dusky;Techno;;
Pop Culture - Joris Voorn Remix;DJ Dozia;Techno;;
Disarray - Original Mix;Tube & Berger;Techno;;
Suga - Original Mix;Technasia;Techno;;
Watch Me Work;Breach;Techno;;
Mirror Me - Extended Original;Maceo Plex;Techno;;
Black Cow (Booka Shade Presents Yaruba);Booka Shade;Techno;;
Echo;Noha;Techno;;
Welcome To My House;Pryda;Techno;;
Rasor;ATTLAS;Techno;;
Jungle Shrimp;Cut Snake;Techno;;
Hypernova - Stephan Bodzin Remix;Marc Romboy;Techno;;
Careless;Dusky;Techno;;
Stopover - Tocadisco Remix;Dirty South;Techno;;
The Essence of House - Metodi Hristov Remix;Josh Butler;Techno;;
False - Original Mix;Luke Garcia;Techno;;
Maybe Why Not;Cut Snake;Techno;;
Twilight Zone - Original Mix;DJ PP;Techno;;
Dancing (Again!) - Radio Edit;Eats Everything;Techno;;
One Hundred - Original Mix;Koen Groeneveld;Techno;;
Love Siren;Alan Fitzpatrick;Techno;;
Teaser;Cirez D;Techno;;
Do You Feel Me - Dosem Remix;NY's Finest;Techno;;
Rumours;Alan Fitzpatrick;Techno;;
Iffy - Radio Edit;Per Hammar;Techno;;
Rocket Bunny;Format:B;Techno;;
Walking With Elephants;Ten Walls;Techno;;
Human Reason - Len Faki Remix;Adam Beyer;Techno;;
Rock To The Beat - Christian Smith & John Selway Remix;Kevin Saunderson;Techno;;
Solar Detroit - Original Mix;Maceo Plex;Techno;;
Junglism - Andrei Morant Remix;Drumcomplex;Techno;;
Feel The Beat - Original Mix;Dazzo;Techno;;
Luck;Piecey;Techno;;
Rescue Me - Radio Edit;Reset Robot;Techno;;
Under My Skin - Original Mix;Lane 8;Techno;;
How Long - Alex Neri & GG Canu Techno Mix;Sannie;Techno;;
Azzurro - Original Mix;Yotto;Techno;;
Better Days - Doorly Remix;Jimi Polo;Techno;;
Rain Dance;Justin Jay;Techno;;
Ego;Louisahhh!!!;Techno;;
Binary - Shaded Remix;Sian;Techno;;
?? [Redemption] - Rare Remix;Valy Mo;Techno;;
Turn It Up;Paul Harris;Techno;;
Teflon - Original Mix;Tato;Techno;;
Perc99;Madame;Techno;;
Humanism - Eskuche & Nu Sky Acid Dub;Barber;Techno;;
Pop - Vocal;Danny Daze;Techno;;
Tell Ya - Radio Mix;Schuhmacher;Techno;;
Crosswalk;Yotto;Techno;;
Hush Hush Church - Original Mix;UMEK;Techno;;
Out Wide II;High Math;Techno;;
Elephant;Andrea Oliva;Techno;;
Momento - Radio Edit;The Mambo Brothers;Techno;;
Short Fuse;John Askew;Techno;;
Ways;The Alexsander;Techno;;
Turn Back;Low Steppa;Techno;;
Clash Of 1984 - Original Mix;Koen Groeneveld;Techno;;
Looking Glass - Original Mix;Velvit;Techno;;
Fingerprint;Lane 8;Techno;;
Curious;Kevin Knapp;Techno;;
Ojak - Original Mix;Trevino;Techno;;
Just - Ben Remember Remix (TR328);Hannah Wants;Techno;;
Lazer;Taiki Nulight;Techno;;
Rush;THNK;Techno;;
Thunderdad - Original Mix;Ardalan;Techno;;
Crazy A;Andrea Oliva;Techno;;
Back - Kolsch Remix;Harry Romero;Techno;;
Keep Pushin - René Amesz Remake;Matt Smallwood;Techno;;
5AM - Original Mix;One Six;Techno;;
Soul Valley;Adriatique;Techno;;
Human - Calyx & TeeBee Remix;Rag'n'Bone Man;Drum and Bass;;
Fire;Matrix & Futurebound;Drum and Bass;;
Escape From Love - Kwint vs Dux n Bass Remix Edit;Eva Simons;Drum and Bass;;
Stars;Shapeshifter NZ;Drum and Bass;;
The Day Is My Enemy - Bad Company UK Remix;The Prodigy;Drum and Bass;;
Nobody Knows;Sub Focus;Drum and Bass;;
Anywhere - Fred V & Grafix Remix;Dillon Francis;Drum and Bass;;
Rio - Remix;Netsky;Drum and Bass;;
Getaway - Koven Remix;Tritonal;Drum and Bass;;
Kill Room;Delta Heavy;Drum and Bass;;
1000x - Spectrasoul Remix;Jarryd James;Drum and Bass;;
Find Me;Sigma;Drum and Bass;;
Have You - Sound in Noise Remix;TC;Drum and Bass;;
People - DJ Zinc Remix;Cadenza;Drum and Bass;;
Hurts - Dimension Remix;Emeli Sandé;Drum and Bass;;
Love Everlasting - The Vanguard Project Remix;Utah Jazz;Drum and Bass;;
All Goes Wrong - Dawn Wall Remix;Chase & Status;Drum and Bass;;
Constellations - Forza Horizon 3 VIP;Fred V & Grafix;Drum and Bass;;
Do It Right - Hybrid Minds Remix;Rainer + Grimm;Drum and Bass;;
Catch Me Here (feat. Conor Maynard);Drumsound & Bassline Smith;Drum and Bass;;
By Design;WRLD;Drum and Bass;;
Leaving Now;Noisestorm;Drum and Bass;;
Chasing Sunrise;Metrik;Drum and Bass;;
Rupture;Droptek;Drum and Bass;;
Take Me To Another World;Logistics;Drum and Bass;;
Original Badman;Star.One;Drum and Bass;;
Colour The Past;Krakota;Drum and Bass;;
I Found You;North Base;Drum and Bass;;
Sweet Lies;Wilkinson;Drum and Bass;;
Parallel;Technimatic;Drum and Bass;;
At Night (I Think About You) - Cyantific Remix;MNEK;Drum and Bass;;
Never Stop;DC Breaks;Drum and Bass;;
Me Minus You - DC Breaks Remix;Jerome Price;Drum and Bass;;
Silence;Dexcell;Drum and Bass;;
Love Me - Crissy Criss Remix;WiDE AWAKE;Drum and Bass;;
Strobe - Dimension Remix;deadmau5;Drum and Bass;;
Good to Me;Brookes Brothers;Drum and Bass;;
Little Bit;Futuristik;Drum and Bass;;
Still Breathing;Urbandawn;Drum and Bass;;
Give Me Your Love - Andy C Remix;Sigala;Drum and Bass;;
Nine Clouds;1991;Drum and Bass;;
Thunder;Netsky;Drum and Bass;;
Roll On My Level;DJ Hazard;Drum and Bass;;
The Last Light;Alix Perez;Drum and Bass;;
Teddy's Gate (feat. LaMeduza);Whiney;Drum and Bass;;
Who Knows - Shy FX Remix;Protoje;Drum and Bass;;
Along The Road;NCT;Drum and Bass;;
Touch;Hybrid Minds;Drum and Bass;;
Hold feat. Daniela Andrade - Fred V & Grafix Remix;Dabin;Drum and Bass;;
Higher - The Prototypes Remix;Jauz;Drum and Bass;;
I See You;Dawn Wall;Drum and Bass;;
Diamonds Fall;Pola & Bryson;Drum and Bass;;
Hey - Champion Remix;Fais;Drum and Bass;;
Cry - NuTone Remix;Sigma;Drum and Bass;;
One Touch - Technimatic Remix;Macca (DNB);Drum and Bass;;
Bad;Dossa & Locuzzed;Drum and Bass;;
Everything Was Nothing;Hugh Hardie;Drum and Bass;;
Spoken Word;Chase & Status;Drum and Bass;;
Ignite;Fred V & Grafix;Drum and Bass;;
Wait for You - Crissy Criss Remix;Ady Suleiman;Drum and Bass;;
Automatik - Radio Edit;Dimension;Drum and Bass;;
Black Beatles;Rae Sremmurd;Rap/Hip Hop;;
Fake Love;Drake;Rap/Hip Hop;;
Party Monster;The Weeknd;Rap/Hip Hop;;
X (feat. Future);21 Savage;Rap/Hip Hop;;
Bounce Back;Big Sean;Rap/Hip Hop;;
Crazy Brazy;A$AP Mob;Rap/Hip Hop;;
Bad and Boujee;Migos;Rap/Hip Hop;;
Buy Back the Block;Rick Ross;Rap/Hip Hop;;
Erase Your Social;Lil Uzi Vert;Rap/Hip Hop;;
Too Many Years;Kodak Black;Rap/Hip Hop;;
No Heart;21 Savage;Rap/Hip Hop;;
Sneakin’;Drake;Rap/Hip Hop;;
OOOUUU;Young M.a.;Rap/Hip Hop;;
Litty (feat. Tory Lanez);Meek Mill;Rap/Hip Hop;;
What They Want;Russ;Rap/Hip Hop;;
Chill Bill;Rob $tone;Rap/Hip Hop;;
Good Drank;2 Chainz;Rap/Hip Hop;;
Pick Up The Phone (feat. Quavo);Young Thug;Rap/Hip Hop;;
You Was Right;Lil Uzi Vert;Rap/Hip Hop;;
Caroline;Aminé;Rap/Hip Hop;;
Whateva Will Be;A Tribe Called Quest;Rap/Hip Hop;;
Telephone Calls;A$AP Mob;Rap/Hip Hop;;
To D.R.E.A.M.;Tory Lanez;Rap/Hip Hop;;
Wanna Know Remix (feat. Drake);Dave;Rap/Hip Hop;;
Frozen Water;Belly;Rap/Hip Hop;;
Too Much Sauce;DJ Esco;Rap/Hip Hop;;
Used to This;Future;Rap/Hip Hop;;
Seven Million (feat. Future);Lil Uzi Vert;Rap/Hip Hop;;
Skateboard P;Madeintyo;Rap/Hip Hop;;
Spend It;Dae Dae;Rap/Hip Hop;;
Jungle;A Boogie Wit da Hoodie;Rap/Hip Hop;;
Last Time (feat. Travis Scott);Gucci Mane;Rap/Hip Hop;;
Push It (feat. Remy Ma & Quavo) - Remix;O.T. Genasis;Rap/Hip Hop;;
Big Amount;2 Chainz;Rap/Hip Hop;;
Make You Feel Good;Fetty Wap;Rap/Hip Hop;;
Tiimmy Turner - Remix;Desiigner;Rap/Hip Hop;;
Wyclef Jean;Young Thug;Rap/Hip Hop;;
One Night;Lil Yachty;Rap/Hip Hop;;
My Shit;A Boogie Wit da Hoodie;Rap/Hip Hop;;
Selfish;PnB Rock;Rap/Hip Hop;;
untitled 07 | levitate;Kendrick Lamar;Rap/Hip Hop;;
Juke Jam (feat. Justin Bieber & Towkio);Chance The Rapper;Rap/Hip Hop;;
Froze (feat. Lil Uzi Vert & Nicki Minaj);Meek Mill;Rap/Hip Hop;;
Bulls**t (feat. 21 Savage);Dae Dae;Rap/Hip Hop;;
Cash Machine;D.R.A.M.;Rap/Hip Hop;;
Front & Center;Joey Bada$$;Rap/Hip Hop;;
Rush;Starrah;Rap/Hip Hop;;
Money Showers;Fat Joe;Rap/Hip Hop;;
Let Me Explain;Bryson Tiller;Rap/Hip Hop;;
Lock Doh;Giggs;Rap/Hip Hop;;
The Motto;Drake;Rap/Hip Hop;;
Juju On That Beat (TZ Anthem);Zay Hilfigerrr;Rap/Hip Hop;;
Rack City;Tyga;Rap/Hip Hop;;
Fight Night;Migos;Rap/Hip Hop;;
All The Way Up;Fat Joe;Rap/Hip Hop;;
Jumpman;Drake;Rap/Hip Hop;;
Ni**as In Paris;JAY Z;Rap/Hip Hop;;
679 (feat. Monty);Fetty Wap;Rap/Hip Hop;;
Coward;Chip;Rap/Hip Hop;;
Robbery Remix;Abra Cadabra;Rap/Hip Hop;;
Panda;Desiigner;Rap/Hip Hop;;
Mercy.1;Kanye West;Rap/Hip Hop;;
Hands On the Wheel;ScHoolboy Q;Rap/Hip Hop;;
Forever;Drake;Rap/Hip Hop;;
m.A.A.d city;Kendrick Lamar;Rap/Hip Hop;;
How We Do;The Game;Rap/Hip Hop;;
Clique;Kanye West;Rap/Hip Hop;;
F**kin' Problems;A$AP Rocky;Rap/Hip Hop;;
POWER;Kanye West;Rap/Hip Hop;;
That's Not Me;Skepta;Rap/Hip Hop;;
'Till I Collapse;Eminem;Rap/Hip Hop;;
Black And Yellow;Wiz Khalifa;Rap/Hip Hop;;
Don't Waste My Time;Krept & Konan;Rap/Hip Hop;;
F*ckwithmeyouknowigotit;JAY Z;Rap/Hip Hop;;
Champions;Kanye West;Rap/Hip Hop;;
Purple Lamborghini (with Rick Ross);Skrillex;Rap/Hip Hop;;
Forgot About Dre;Dr. Dre;Rap/Hip Hop;;
I Don't Fuck With You;Big Sean;Rap/Hip Hop;;
Trap Queen;Fetty Wap;Rap/Hip Hop;;
We Dem Boyz;Wiz Khalifa;Rap/Hip Hop;;
Started From The Bottom;Drake;Rap/Hip Hop;;
I Spy;Skepta;Rap/Hip Hop;;
No Shopping;French Montana;Rap/Hip Hop;;
Right Above It;Lil Wayne;Rap/Hip Hop;;
3 Wheel-ups (feat. Wiley & Giggs);Kano;Rap/Hip Hop;;
Ima Boss - feat. Rick Ross;Meek Mill;Rap/Hip Hop;;
Not Nice;PARTYNEXTDOOR;Rap/Hip Hop;;
Stay Schemin;Rick Ross;Rap/Hip Hop;;
Where The Hood At;DMX;Rap/Hip Hop;;
Man;Skepta;Rap/Hip Hop;;
Hypnotize;The Notorious B.I.G.;Rap/Hip Hop;;
Mad Ting; Sad Ting;Rap/Hip Hop;;
If You Let Me;Sinead Harnett;R&B;;
Playing for You;Joe Hertz;R&B;;
Sirens;Nylo;R&B;;
Location;Khalid;R&B;;
Sorry;Aquilo;R&B;;
Blind Man;Xavier Omär;R&B;;
F N Sexy;JAHKOY;R&B;;
Ignore;Abhi//Dijon;R&B;;
How I Feel (feat. Sam Wills);Moods;R&B;;
Firefly;Mura Masa;R&B;;
Frustrated;R.LUM.R;R&B;;
Losin Control;Russ;R&B;;
Get You (feat. Kali Uchis);Daniel Caesar;R&B;;
Ruby (feat. Lenis Kim & Yngdrgn);Zuma;R&B;;
Falling;Opia;R&B;;
Hipster Girl;Sango;R&B;;
The Other;SaÍgo;R&B;;
Ness;MIKNNA;R&B;;
Breathe A•gain;Couros;R&B;;
Crazy Dream;Tom Misch;R&B;;
Flex Your Way Out (feat. Blackbear);Sofi de la Torre;R&B;;
Up & Down;Dana;R&B;;
She Don't (feat. Ty Dolla $Ign);Ella Mai;R&B;;
That Way;Connor Pearson;R&B;;
So I Know You Care;Toulouse;R&B;;
Precious;Kevin Garrett;R&B;;
Often;Abhi//Dijon;R&B;;
Cookie;Dessert;R&B;;
Uncomfortable;Mansa;R&B;;
What You Want;THEY.;R&B;;
Chill Out;RAY BLK;R&B;;
I.D.C.B.U;SIBA;R&B;;
Too Deep;dvsn;R&B;;
Both Ways;Jeffrey James;R&B;;
Blue;Jarrod Milton;R&B;;
Alive;Ravyn Lenae;R&B;;
Crush;Yuna;R&B;;
Better off Lonely;Frost;R&B;;
Better Give U Up;FKJ;R&B;;
Tribes;Beach Season;R&B;;
GAZI;A.CHAL;R&B;;
Come and See Me (feat. Drake);PARTYNEXTDOOR;R&B;;
Trinity Ave;MIKNNA;R&B;;
Let's Go;Khalid;R&B;;
dopemang (feat. Ashley All Day);Kiiara;R&B;;
Otherside;Chris McClenney;R&B;;
25.22;Allan Rayman;R&B;;
Love Somebody;Ta-ku;R&B;;
All I Need (feat. Xavier Omär);Noname;R&B;;
OVER AGAIN;QUIÑ;R&B;;
Borders;St. Beauty;R&B;;
We Can (feat. Tory Lanez);Kranium;R&B;;
Fake Love;Drake;R&B;;
Grass Ain't Greener;Chris Brown;R&B;;
LUV;Tory Lanez;R&B;;
Slow Wine;J-Soul;R&B;;
Starboy;The Weeknd;R&B;;
Trust Nobody;Cashmere Cat;R&B;;
All Eyez (feat. Jeremih) - Bonus Track;The Game;R&B;;
Call Me;Ramriddlz;R&B;;
Nobody's Better (feat. Fetty Wap);Z;R&B;;
Not Nice;PARTYNEXTDOOR;R&B;;
Party Monster;The Weeknd;R&B;;
Your Number REMIX;Ayo Jay;R&B;;
Gwan Big Up Urself;Roy Woods;R&B;;
Tek Weh Yuh Heart;Sean Paul;R&B;;
Needed Me;Rihanna;R&B;;
Come and See Me (feat. Drake);PARTYNEXTDOOR;R&B;;
Burn Break Crash;Aanysa;R&B;;
Don't;Bryson Tiller;R&B;;
Don't Hurt Me;DJ Mustard;R&B;;
Stuck On U;Tory Lanez;R&B;;
Side To Side;Ariana Grande;R&B;;
Kiss It Better - R3hab Remix;Rihanna;R&B;;
Let Me Explain;Bryson Tiller;R&B;;
How I Feel;Roy Woods;R&B;;
Slow Motion;Trey Songz;R&B;;
Bad Intentions;Niykee Heaton;R&B;;
Planez;Jeremih;R&B;;
Company;Tinashe;R&B;;
Link;K. Forest;R&B;;
What You Need;Seth Dyer;R&B;;
Get You (feat. Kali Uchis);Daniel Caesar;R&B;;
Location;Khalid;R&B;;
Selfish;JAHKOY;R&B;;
Congratulations;Post Malone;R&B;;
Versace On The Floor;Bruno Mars;R&B;;
I Swear (feat. Young Thug);Wyclef Jean;R&B;;
Distraction;Kehlani;R&B;;
247;David Correy;R&B;;
Attached;K. Forest;R&B;;
Money Showers;Fat Joe;R&B;;
Me and Your Mama;Childish Gambino;R&B;;
Garden;Emeli Sandé;R&B;;
The Valley;Keshia Chanté;R&B;;
The Days;Anders;R&B;;
Too Much Time (feat. Luu Breeze & Emerson Brooks);S.L.M.N;R&B;;
Personal;Plaza;R&B;;
PRBLMS;6LACK;R&B;;
Can't Let Go (feat. Emilia Ali);VALNTN;R&B;;
Redbone;Childish Gambino;R&B;;
Maniac;Jhene Aiko;R&B;;
No Pressure;Saya;R&B;;
Penthouse Floor;John Legend;R&B;;
Hypnotizing;Aaron Camper;R&B;;
Patient;Post Malone;R&B;;
Siguiéndote Los Pasos;Rojo;Gospel/Música Cristiana;;
Tiene Razón;Rescate;Gospel/Música Cristiana;;
Harto;Zona 7;Gospel/Música Cristiana;;
Dias Mejores;Benjamin Rivera;Gospel/Música Cristiana;;
Viajero Del Viento;Kyosko;Gospel/Música Cristiana;;
Mama;Pablo Olivares;Gospel/Música Cristiana;;
En El Trono Está;Christine D'Clario;Gospel/Música Cristiana;;
Mi Fortuna;Pescao Vivo;Gospel/Música Cristiana;;
Tomalo;Hillsong United;Gospel/Música Cristiana;;
Enamorado De Ti;Strike 3;Gospel/Música Cristiana;;
Libre Para Adorar;Gerry Marquez;Gospel/Música Cristiana;;
Rey De Majestad (King of Majesty);Vertical;Gospel/Música Cristiana;;
Nada Es Imposible;Marco Barrientos;Gospel/Música Cristiana;;
Libre Soy;David Scarpeta;Gospel/Música Cristiana;;
Quisiera;Metamorffosis;Gospel/Música Cristiana;;
Que Se Llene Tu Casa;Ingrid Rosario;Gospel/Música Cristiana;;
Mi Amado Dios;Cristo Para Las Naciones Band;Gospel/Música Cristiana;;
Fe;Santo Remedio;Gospel/Música Cristiana;;
Todo para Mi;Blest;Gospel/Música Cristiana;;
Tu Historia;Renacer;Gospel/Música Cristiana;;
El Héroe De La Humanidad;Su Presencia;Gospel/Música Cristiana;;
En mi palma te escribí;La voz del desierto;Gospel/Música Cristiana;;
Revolución;Padre Jony;Gospel/Música Cristiana;;
Darse Cuenta;Logos;Gospel/Música Cristiana;;
Somos Libres;En Espíritu Y En Verdad;Gospel/Música Cristiana;;
Almas Mecanicas;Exegesis;Gospel/Música Cristiana;;
Sin Ti;Micmas;Gospel/Música Cristiana;;
O Sol da Meia Noite;Rosa de Saron;Gospel/Música Cristiana;;
Alaba;Banda Generasion;Gospel/Música Cristiana;;
Líbrame Señor;Eclipse;Gospel/Música Cristiana;;
Luz;D-Mente;Gospel/Música Cristiana;;
Dios Incomparable;Generación 12;Gospel/Música Cristiana;;
Si Tu no Estas;Identidad;Gospel/Música Cristiana;;
Otra Oportunidad;Revoluzion Estereo;Gospel/Música Cristiana;;
Porque Fingir;180 Grados;Gospel/Música Cristiana;;
In The River - Live;Jesus Culture;Gospel/Música Cristiana;;
Open Heaven (River Wild) - Live;Hillsong Worship;Gospel/Música Cristiana;;
Great Are You Lord - Live;Casting Crowns;Gospel/Música Cristiana;;
Come As You Are - Live;Crowder;Gospel/Música Cristiana;;
Transfiguration - Live;Hillsong Worship;Gospel/Música Cristiana;;
10;000 Reasons (Bless the Lord) [feat. Matt Redman] [Live];Gospel/Música Cristiana;;
All I Need Is You - Live;Hillsong United;Gospel/Música Cristiana;;
Ascribe - Live;New Life Worship;Gospel/Música Cristiana;;
Awesome God - Live;Hillsong United;Gospel/Música Cristiana;;
Be Lifted High - Live;Elevation Worship;Gospel/Música Cristiana;;
Beautiful Things - Live;Gungor;Gospel/Música Cristiana;;
Christ Is Enough - Live;Hillsong Worship;Gospel/Música Cristiana;;
Christ Is Risen (Live);Matt Maher;Gospel/Música Cristiana;;
Cornerstone - Live;Hillsong Worship;Gospel/Música Cristiana;;
Desert Song - Live;Hillsong United;Gospel/Música Cristiana;;
Even So Come - Live;Passion;Gospel/Música Cristiana;;
Ever Be (Live);Kalley Heiligenthal;Gospel/Música Cristiana;;
Eyes On You - Live;Kristene Dimarco;Gospel/Música Cristiana;;
Fall Afresh (Acoustic Version);Jeremy Riddle;Gospel/Música Cristiana;;
For the Cross;Jenn Johnson;Gospel/Música Cristiana;;
Forever - Live;Kari Jobe;Gospel/Música Cristiana;;
Give Me Jesus;Matt Stinton;Gospel/Música Cristiana;;
God of This City - Live from Passion;Chris Tomlin;Gospel/Música Cristiana;;
Great Are You Lord - Live;All Sons & Daughters;Gospel/Música Cristiana;;
Great I Am - Live;New Life Worship;Gospel/Música Cristiana;;
Hands To The Heavens - Live;Kari Jobe;Gospel/Música Cristiana;;
Holy Spirit;Bryan & Katie Torwalt;Gospel/Música Cristiana;;
I Am Not Alone - Live;Kari Jobe;Gospel/Música Cristiana;;
I Need You More;Kim Walker-Smith;Gospel/Música Cristiana;;
I Will Follow You - Live;Kristene Dimarco;Gospel/Música Cristiana;;
It Is Well (Live);Kristene Dimarco;Gospel/Música Cristiana;;
It Is Well - Live;Kristene Dimarco;Gospel/Música Cristiana;;
It Is Well With My Soul - Live;Hillsong Chapel;Gospel/Música Cristiana;;
Jesus; We Love You (Live);Gospel/Música Cristiana;;
Let It Be Jesus - Live;Christy Nockels;Gospel/Música Cristiana;;
Marvelous Light - Live From Passion07;Charlie Hall;Gospel/Música Cristiana;;
No Longer Slaves (Live);Jonathan David;Gospel/Música Cristiana;;
O Praise The Name (Anástasis) - Live;Hillsong Worship;Gospel/Música Cristiana;;
Oceans (Where Feet May Fail) - Live At Red Rocks;Hillsong United;Gospel/Música Cristiana;;
On the Throne - Live;Desperation Band;Gospel/Música Cristiana;;
One Thing - Live;Hillsong Worship;Gospel/Música Cristiana;;
One Thing Remains - feat. Brian Johnson;Bethel Music;Gospel/Música Cristiana;;
Open The Eyes Of My Heart;Michael W. Smith;Gospel/Música Cristiana;;
Open Up Our Eyes - Live;Elevation Worship;Gospel/Música Cristiana;;
Our God - From Passion: Awakening;Chris Tomlin;Gospel/Música Cristiana;;
Redeemed - Live;Big Daddy Weave;Gospel/Música Cristiana;;
Rising Sun - Live;All Sons & Daughters;Gospel/Música Cristiana;;
Sinking Deep - Live;Hillsong Young & Free;Gospel/Música Cristiana;;
Spirit Break Out - Live;Kim Walker-Smith;Gospel/Música Cristiana;;
This Is Our God - Feat. David Crowder;Chris Tomlin;Gospel/Música Cristiana;;
Victor's Crown - Live;Darlene Zschech;Gospel/Música Cristiana;;
We Dance (Live);Steffany Frizzell Gretzinger;Gospel/Música Cristiana;;
Yahweh - Live;Hillsong Chapel;Gospel/Música Cristiana;;
You Are Holy (Prince Of Peace);Michael W. Smith;Gospel/Música Cristiana;;
You Are My King (Amazing Love) - One Day Live Album Version;Chris Tomlin;Gospel/Música Cristiana;;
You Are The Beauty - Live;Gungor;Gospel/Música Cristiana;;
You Make Me Brave (Live);Amanda Cook;Gospel/Música Cristiana;;
You Never Fail - Live;Hillsong Worship;Gospel/Música Cristiana;;
Your Grace Is Enough/Here I Am Lord (Live);Matt Maher;Gospel/Música Cristiana;;
I'll Let You Know;David Hazeltine;Jazz;;
I'll Wait And Pray;John Coltrane;Jazz;;
Where We Used To Live;Esbjörn Svensson Trio;Jazz;;
Romance / Hommage à Milhaud;Enrico Pieranunzi;Jazz;;
I Still Believe in You;Eric Reed;Jazz;;
Ballad for MC;Grace Kelly;Jazz;;
Goodbye Pork Pie Hat;Charles Mingus;Jazz;;
Soul in Twilight;John Moulder;Jazz;;
Gramercy Sunset;The Hot Sardines;Jazz;;
I Was So Young; and You Were So Beautiful;Jazz;;
Journey Into Melody - 2007 Digital Remaster;Stanley Turrentine;Jazz;;
For Wee Folks;Joey Alexander;Jazz;;
I'm Glad There Is You;Bill Mobley;Jazz;;
Blue Ballad;Phil Woods;Jazz;;
The Nearness of You;Joshua Redman;Jazz;;
It Never Entered my Mind;Mulgrew Miller;Jazz;;
Don Cheadle - Coffee Table Jazz Intro;Various Artists;Jazz;;
Blue in Green;Miles Davis;Jazz;;
Where or When;Wynton Marsalis;Jazz;;
Count Your Blessings;Seamus Blake;Jazz;;
Good Morning Heartache;Scott Hamilton;Jazz;;
Two Sleepy People;Marcus Gilmore;Jazz;;
Can't Help Loving;Beegie Adair;Jazz;;
The Nearness Of You;Bill Charlap;Jazz;;
When Sunny Gets Blue;McCoy Tyner;Jazz;;
Blue and Sentimental;Julian Dash;Jazz;;
Almas vaggvisa;Jan Lundgren Trio;Jazz;;
Before It's Time To Say Goodbye;Kenny Garrett;Jazz;;
Autumn Nocturne;Lou Donaldson;Jazz;;
Angel Eyes;Tommy Flanagan;Jazz;;
Good Morning.Goodbye;Dan Cray Trio;Jazz;;
Doubts 2;Ibrahim Maalouf;Jazz;;
Where Do You Start;Brad Mehldau Trio;Jazz;;
The Man I Love;Marcus Roberts;Jazz;;
Gary's Theme - Remastered;Bill Evans;Jazz;;
Trust;Roy Hargrove;Jazz;;
The Folks Who Live on the Hill;Joshua Redman;Jazz;;
All The Way;Bob Berg;Jazz;;
Emperor Jones - Instrumental;Joe Lovano;Jazz;;
Isadora;Christian Scott;Jazz;;
I Remember Clifford;Lee Morgan;Jazz;;
Sous le Ciel de Paris;Jacky Terrasson;Jazz;;
You Go To My Head;Art Pepper;Jazz;;
Gloomy Sunday;Branford Marsalis;Jazz;;
I Didn't Know About You;Johnny Hodges;Jazz;;
I Have Dreamed;Christian McBride;Jazz;;
Fools Rush In;Teddy Wilson;Jazz;;
Old Folks;Xavier Davis;Jazz;;
I Got It Bad And That Ain't Good;Oscar Peterson Trio;Jazz;;
My Romance;Gene Ammons;Jazz;;
The Peacocks;Anthony Wonsey Trio;Jazz;;
A Nightingale Sang In Berkeley Square;Stan Getz;Jazz;;
A Hundred Dreams from Now;Ray Bryant;Jazz;;
Stockholm Sweetnin';Scott Hamilton;Jazz;;
My Romance;Gene Ammons;Jazz;;
They Didn't Believe Me;Beegie Adair;Jazz;;
I Didn't Know About You;Ben Webster;Jazz;;
I Got It Bad And That Ain't Good;Oscar Peterson Trio;Jazz;;
Where We Used To Live;Esbjörn Svensson Trio;Jazz;;
Black Orpheus;Gary Smith;Jazz;;
It Never Entered my Mind;Mulgrew Miller;Jazz;;
Alone and I;Herbie Hancock;Jazz;;
Haupe;Duke Ellington;Jazz;;
The Midnight Sun Will Never Set;Quincy Jones;Jazz;;
In Your Own Sweet Way;Wes Montgomery;Jazz;;
'Round Midnight;Miles Davis;Jazz;;
Blue In Green (Take 3);Bill Evans;Jazz;;
Goodbye Pork Pie Hat;Charles Mingus;Jazz;;
Min Soldat (My Soldier);Scott Hamilton;Jazz;;
Young and Foolish;Bill Evans Trio;Jazz;;
I Guess I'll Hang My Tears Out To Dry - 1999 Digital Remaster;Dexter Gordon;Jazz;;
Time After Time;John Coltrane;Jazz;;
So Long Blues;Bengt Hallberg;Jazz;;
When It's Sleepytime Down South;Wynton Marsalis;Jazz;;
When Your Lover Has Gone;Ben Webster;Jazz;;
Moanin';Art Blakey & The Jazz Messengers;Jazz;;
In A Sentimental Mood;Duke Ellington;Jazz;;
Tranquillity - Digitally Remastered;Bobby Hutcherson;Jazz;;
Mo' Better Blues;Branford Marsalis Quartet;Jazz;;
Love Is Here To Stay;Marcus Roberts;Jazz;;
A Sunday Kind Of Love;Etta James;Jazz;;
'Round Midnight;Betty Carter;Jazz;;
La Vie En Rose;Bert Kaempfert;Jazz;;
Greensleeves;Coleman Hawkins;Jazz;;
Polka Dots And Moonbeams - 1998 Digital Remaster;Bud Powell;Jazz;;
Blue in Green;Miles Davis;Jazz;;
Cry Me A River - 1991 - Remaster;Julie London;Jazz;;
Venga la Esperanza;Alfredo Rodriguez;Jazz;;
Ruby; My Dear;Jazz;;
Charlie Brown Theme;Vince Guaraldi Trio;Jazz;;
Flamenco Sketches;Miles Davis;Jazz;;
Stardust;Ben Webster;Jazz;;
The Gypsy (07-29-46);Charlie Parker;Jazz;;
I'm in the Mood for Love;Julie London;Jazz;;
Take Five;The Dave Brubeck Quartet;Jazz;;
Naima;John Coltrane;Jazz;;
"I'm Old Fashioned - Enhanced CD Version;1997 - Remaster";John Coltrane;Jazz;;
Quiet Nights of Quiet Stars;Stacey Kent;Jazz;;
Love For Sale;Cannonball Adderley;Jazz;;
Corcovado - Quiet Nights Of Quiet Stars;Stan Getz;Jazz;;
I Fall In Love Too Easily - Vocal;Chet Baker;Jazz;;
Over The Rainbow - Digitally Remastered;Lou Donaldson;Jazz;;
It's Always You;Chet Baker;Jazz;;
Mood Indigo;Louis Armstrong;Jazz;;
The Masquerade Is Over;Nancy Wilson;Jazz;;
Misty;Stan Getz;Jazz;;
God Bless the Child;Sonny Rollins;Jazz;;
The Very Thought Of You;Chris Botti;Jazz;;
Strange Meadow Lark;The Dave Brubeck Quartet;Jazz;;
Easy Living;Clifford Brown;Jazz;;
True Lies;Kenny Wayne Shepherd;Blues;;
Morning Star;Philip Sayce Group;Blues;;
Openness;Henrik Freischlader Trio;Blues;;
Just in case;Paulo Mendonca;Blues;;
The Answer;Tony Spinner;Blues;;
Highway Jones;Cry Of Love;Blues;;
Stand Tall;Richie Kotzen;Blues;;
Chills & Thrills;Bernard Allison;Blues;;
Don't Be a Fool;Simon McBride;Blues;;
She Was a Doorman;Ana Popovic;Blues;;
Well Run Dry;Phat Phunktion;Blues;;
Point of View;Henrik Freischlader;Blues;;
Love Sweet Love;Anthony Gomes;Blues;;
Big Mouth;Mike Zito;Blues;;
Go Faster;Richie Kotzen;Blues;;
Few And Far Between;Shannon Curfman;Blues;;
Open Road;Oli Brown;Blues;;
Life On The Outside;Gov't Mule;Blues;;
Before You Hit The Ground;Jonny Lang;Blues;;
Motivational Speaker;Alvin Youngblood Hart;Blues;;
Funky Guitar Blues;Bryce Janey;Blues;;
Who Do You Love?;Joanne Shaw Taylor;Blues;;
T.C.B. or T.Y.A.;Edwin McCain;Blues;;
Vixen Eyes;Gugun Power Trio;Blues;;
Soul On Fire;Saint Jude;Blues;;
Walkin' The Dawg;Tony Spinner;Blues;;
Lives That Don't Exist;Ana Popovic;Blues;;
Dark Side Of Love;Kenny Wayne Shepherd;Blues;;
Honey;Paulo Mendonca;Blues;;
Love Ain't a Love Song;Joe Bonamassa;Blues;;
Groove With Me;Bernard Allison;Blues;;
Born Under A Bad Sign;Albert King;Blues;;
Mannish Boy;Muddy Waters;Blues;;
Smokestack Lightnin';Howlin' Wolf;Blues;;
Boom Boom;John Lee Hooker;Blues;;
Everyday I Have the Blues;B.B. King;Blues;;
First Time I Met The Blues - 1960 Single Version;Buddy Guy;Blues;;
Mojo Hand;Lightnin' Hopkins;Blues;;
I'd Rather Go Blind;Etta James;Blues;;
Dust My Broom;Elmore James;Blues;;
My Babe - Single Version;Little Walter;Blues;;
I'm Your Hoochie Coochie Man;Muddy Waters;Blues;;
John the Revelator;Son House;Blues;;
Help Me;Sonny Boy Williamson II;Blues;;
Crosscut Saw;Albert King;Blues;;
T-Bone Blues;T-Bone Walker;Blues;;
Stumble;Freddie King;Blues;;
I've Got A Woman;Ray Charles;Blues;;
Spoonful;Howlin' Wolf;Blues;;
Back Door Man;Willie Dixon;Blues;;
Working Man;Otis Rush;Blues;;
I'm A Man - Single Version;Bo Diddley;Blues;;
Someday (Electric);Otis Spann;Blues;;
Call It Stormy Monday;T-Bone Walker;Blues;;
The Sky Is Crying;Elmore James;Blues;;
Buffalo Soldier;Bob Marley & The Wailers;Reggae;;
Now That We've Found Love - Single Version;Third World;Reggae;;
Jamaican In New York;Shinehead;Reggae;;
(You Gotta Walk) Don't Look Back - 2002 Remastered Version;Peter Tosh;Reggae;;
You Don't Love Me (No; No;Reggae;;
Molly Town;Joss Stone;Reggae;;
Girls Dem Sugar - Feat. Mya;Beenie Man;Reggae;;
Start It Up;Ziggy Marley;Reggae;;
Turn Your Lights Down Low;Bob Marley & The Wailers;Reggae;;
Kingston Town;Alborosie;Reggae;;
Night Nurse;Gregory Isaacs;Reggae;;
Kingston Town;UB40;Reggae;;
Funky Kingston;Toots & The Maytals;Reggae;;
Fly Rasta;Ziggy Marley;Reggae;;
One Drop;Bob Marley & The Wailers;Reggae;;
Wake Me Up - Reggae Mix;Avicii;Reggae;;
In My Arms;Beres Hammond;Reggae;;
One Good Spliff;Ziggy Marley & The Melody Makers;Reggae;;
Wanted Dread and Alive - 2002 Remastered Version;Peter Tosh;Reggae;;
Take Me Home; Country Roads;Reggae;;
Permission;Shurwayne Winchester;Reggae;;
It Don't Make Any Difference To Me - Supa Dupes Remix;Kevin Michael feat. Wyclef Jean;Reggae;;
Pimper's Paradise;Bob Marley & The Wailers;Reggae;;
Sinsemilla;Black Uhuru;Reggae;;
Marcus Garvey;Burning Spear;Reggae;;
Marijuana;Sizzla;Reggae;;
Cool Down The Pace;Gregory Isaacs;Reggae;;
My Jamaican Guy;Grace Jones;Reggae;;
Sunshine Reggae - Original Mix '82;Laid Back;Reggae;;
Could You Be Loved;Bob Marley & The Wailers;Reggae;;
Better Must Come;Delroy Wilson;Reggae;;
Cool Runnings;Duane Stephenson;Reggae;;
The Voices Of Sweet Jamaica - All Star Remix;Shaggy;Reggae; Leroy Sibbles; Freddie McGregor
Love Is My Religion;Ziggy Marley;Reggae;;
Red Red Wine - Edit;UB40;Reggae;;
It's A Pity;Tanya Stephens;Reggae;;
So Much Trouble In The World;Bob Marley & The Wailers;Reggae;;
I Wish You Were Here;Alpha Blondy;Reggae;;
That Day Will Come;Capleton;Reggae;;
Hey Baby;Stephen Marley;Reggae;;
All Of Me;Jah Cure;Reggae;;
Who Knows;Protoje;Reggae;;
Baby; I Love Your Way;Reggae;;
Kaya;Bob Marley & The Wailers;Reggae;;
Nuthin' Wrong With The World;Junior Kelly;Reggae;;
Dreadlock Holiday;10cc;Reggae;;
One Day - New Album Version;Matisyahu;Reggae;;
Man Down;Rihanna;Reggae;;
Chase The Devil;Max Romeo;Reggae;;
Road To Zion;Damian Marley;Reggae;;
Jamming;Bob Marley & The Wailers;Reggae;;
Rasta Should Be Deeper;Junior Kelly;Reggae;;
I Shot The Sheriff;The Wailers;Reggae;;
King Without a Crown - Live;Matisyahu;Reggae;;
It Wasn't Me;Shaggy;Reggae;;
Sweat (A La La La La Long);Inner Circle;Reggae;;
Turn Me On;Kevin Lyttle;Reggae;;
Welcome To Jamrock;Damian Marley;Reggae;;
Boom Shack-A-Lak - Edit;Apache Indian;Reggae;;
Is This Love;Bob Marley & The Wailers;Reggae;;
Intoxication;Gentleman;Reggae;;
Beach In Hawaii;Ziggy Marley;Reggae;;
Police In Helicopter;John Holt;Reggae;;
Running Away - Winta James Mix;Ady Suleiman;Reggae;;
World A Music;Ini Kamoze;Reggae;;
Blind To You - Explicit Album Version;Collie Buddz;Reggae;;
One Love / People Get Ready;Bob Marley & The Wailers;Reggae;;
One Draw;Rita Marley;Reggae;;
Superior;Gentleman;Reggae;;
Look Who's Dancin';Ziggy Marley & The Melody Makers;Reggae;;
Police & Thieves;Junior Murvin;Reggae;;
Get Up; Stand Up;Reggae;;
Mount Zion Medley (ft. Capleton; Jah Cure;Reggae;;
Three Little Birds;Bob Marley & The Wailers;Reggae;;
Angel;Shaggy;Reggae;;
Zungguzungguguzungguzeng;Yellowman;Reggae;;
Here I Come;Barrington Levy;Reggae;;
Lady;Wayne Wade;Reggae;;
Pressure Drop;Toots & The Maytals;Reggae;;
Legalize It;Peter Tosh;Reggae;;
Iron Lion Zion;Bob Marley & The Wailers;Reggae;;
Boombastic;Shaggy;Reggae;;
Baby Come Back - With Ali & Robin Campbell;Pato Banton;Reggae;;
Cheerleader;OMI;Reggae;;
100 % of Loving;Marcia Griffiths;Reggae;;
Murder She Wrote (Original Mix);Chaka Demus & Pliers;Reggae;;
Bush Doctor - 2002 Remastered Version;Peter Tosh;Reggae;;
Dubbing Is a Must - 2010 Remastered Version;Pablo Moses;Reggae;;
Weekend's Long;Ziggy Marley;Reggae;;
Stand Down;Lionel Richie;Reggae;;
World A Reggae Music;Anthony B;Reggae;;
Still Blazing;Alborosie;Reggae;;
Hills And Valleys;Buju Banton;Reggae;;
Waiting In Vain;Bob Marley & The Wailers;Reggae;;
That Girl - feat. Shaggy;Maxi Priest;Reggae;;
Johnny B Goode - 2002 Remastered Version;Peter Tosh;Reggae;;
The International Herb;Culture;Reggae;;
Rude;Magic!;Reggae;;
Natty Rebel - 1990 Digital Remaster;U-Roy;Reggae;;
Tenement Yard;Jacob Miller;Reggae;;
Sun Is Shining;Bob Marley & The Wailers;Reggae;;
Games People Play;Inner Circle;Reggae;;
Animal - Mark Ronson Remix;Miike Snow;Reggae;;
The Harder They Come;Jimmy Cliff;Reggae;;
Take Five;Rico;Reggae;;
When mi rise it;Lutan Fyah;Reggae;;
Humanity (Love the Way It Should Be);John Legend;Reggae;;
Iron Lion Zion;Bob Marley & The Wailers;Reggae;;
Con Truenos Hay Que Hablar;Cultura Profética;Reggae;;
Que Esta Pasando;Mystical Fyah;Reggae;;
Tanto Por Ti;Fyahbwoy;Reggae;;
Nada;Dread Mar I;Reggae;;
Sé Q' el Mar;Los Cafres;Reggae;;
Le da Igual;Cultura Profética;Reggae;;
Sentimiento Original;Gondwana;Reggae;;
Quiero Bailar;Raggabund;Reggae;;
En el Aire;Nonpalidece;Reggae;;
Emocionado;Fidel Nadal;Reggae;;
Con Vos;Kameleba;Reggae;;
Momento;Los Cafres;Reggae;;
Sin Ti (feat. Quique Neira);Quique Neira;Reggae;;
Niños de Ghetto;Mad Division feat. Morodo & Keishal & Squid;Reggae;;
Kultura Babylon;Laguna Pai;Reggae;;
Este Sol;Yerberos;Reggae;;
La complicidad;Cultura Profética;Reggae;;
Mr Bobby;Manu Chao;Reggae;;
El Rugido Del León;Alika;Reggae;;
Si el Amor Se Cae - Versión 25 Años [Live];Los Cafres;Reggae;;
Tu Presencia;Nonpalidece;Reggae;;
Sensemina;Resistencia Suburbana;Reggae;;
Secreto mío;Los Cafres;Reggae;;
Cuidado;Resistencia Suburbana;Reggae;;
Me Toco Perder;Gomba Jahbari;Reggae;;
No Mires Atras;Bahiano;Reggae;;
Mucho Verso;Gondwana;Reggae;;
Puedo esperarte;Riddim;Reggae;;
Fruto De La Tierra;Cultura Profética;Reggae;;
Hoy;Gomba Jahbari;Reggae;;
Reggae Para Los Amigos;Intoxicados;Reggae;;
Una Perla en Mi Vida - Versión 25 Años;Los Cafres;Reggae;;
La Pipa;El Natty Combo;Reggae;;
Tu Nombre;Lengualerta;Reggae;;
Lova;Movimiento Original;Reggae;;
Si No Somos Felices;Kameleba;Reggae;;
Verde; amarillo y rojo;Reggae;;
Mi Niña;Cañaman;Reggae;;
Canto En La Prision;Cultura Profética;Reggae;;
El Reggae De Paz Y Amor;Sumo;Reggae;;
Big Up;Alika;Reggae;;
Burning Song;Morodo;Reggae;;
Las Heridas Del Corazon;Chulito Camacho;Reggae;;
Mi Balcon - feat. Cultura Profetica;Vicente Garcia;Reggae;;
Pachanga;Les Babacools;Reggae;;
Reverdeciendo;Lengualerta;Reggae;;
Crossroads;B-Side Players;Reggae;;
Mexica;Quinto Sol;Reggae;;
Tierra Indigena;Big Mountain;Reggae;;
En el camino;Kapanga;Reggae;;
Vigila tu Espalda Friend;Morodo;Reggae;;
Mucho Verso;Gondwana;Reggae;;
Ilegal;Cultura Profética;Reggae;;
Tus Ojos;Los Cafres;Reggae;;
La Flor;Nonpalidece;Reggae;;
If I Needed Someone;Kameleba;Reggae;;
Pupilas Lejanas;Los Pericos;Reggae;;
Runaway (feat. The Original Wailers);Los Pericos;Reggae;;
Sin Ti;King Chango;Reggae;;
Bastará;Los Cafres;Reggae;;
Bongo Bong;Manu Chao;Reggae;;
Pensando en Ti;Quique Neira;Reggae;;
Love Song;Nonpalidece;Reggae;;
The Lion of Judah;Mad Professor;Reggae;;
Tu Amor;Riddim;Reggae;;
Marihuana Cura;Chulito Camacho;Reggae;;
Se Alborotan;Alika;Reggae;;
A Los Ojos;Bahiano;Reggae;;
Antonia;Gondwana;Reggae;;
Afro-Sound;Locos Por Juana;Reggae;;
Tengo Que Colgar;Banda Sinaloense MS de Sergio Lizárraga;Banda;;
Durmiendo en el Lugar Equivocado;La Adictiva Banda San José de Mesillas;Banda;;
Quién Te Entiende;Crecer German;Banda;;
Me Está Gustando;Banda Los Recoditos;Banda;;
Yo Si Me Enamoré;La Septima Banda;Banda;;
Porque Me Enamore;Ulices Chaidez Y Sus Plebes;Banda;;
Prohibida;El Komander;Banda;;
Siempre Te Voy A Querer;Calibre 50;Banda;;
Afuera Está Lloviendo;Julión Álvarez y su Norteño Banda;Banda;;
No Lo Hice Bien;Los Plebes del Rancho de Ariel Camacho;Banda;;
Como No Queriendo;Fidel Rueda;Banda;;
Te Deseo Lo Mejor;Alta Consigna;Banda;;
Un Hombre Con Suerte;Duelo;Banda;;
Que Caro Estoy Pagando;La Adictiva Banda San José de Mesillas;Banda;;
Adios Amor;Christian Nodal;Banda;;
Cómo Olvidarte;El Bebeto;Banda;;
El Cuento Perfecto;Banda Los Sebastianes;Banda;;
Transparente;Jonatán Sánchez;Banda;;
Te Metiste;Ariel Camacho y Los Plebes Del Rancho;Banda;;
No Vuelvas a Llamarme;Joss Favela;Banda;;
Me Falta un Corazón;Edwin Luna y La Trakalosa de Monterrey;Banda;;
Consejos de amigos;Cristian Jacobo;Banda;;
En Estos Dias;Regulo Caro;Banda;;
Amor Del Bueno;Calibre 50;Banda;;
A Sangre Fria;Impacto Sinaloense;Banda;;
Me Vas a Extrañar;Banda Sinaloense MS de Sergio Lizárraga;Banda;;
Te Acuerdas;Banda La Contagiosa;Banda;;
Me Estorbas;Pesado;Banda;;
Es Tan ExtraÑo;Claudio Alcaraz Y Su Banda La Mundial;Banda;;
No Es Normal;Cheyo Carrillo;Banda;;
Te Dirán;La Adictiva Banda San José de Mesillas;Banda;;
Estoy Tomando;Claudio Alcaraz Y Su Banda La Mundial;Banda;;
Me Va a Extrañar;Julión Alvarez;Banda;;
Me Va A Pesar;La Arrolladora Banda El Limón De Rene Camacho;Banda;;
Para Ser Sincero;Christian Nava;Banda;;
A Ver A Qué Horas - En Vivo;Banda Carnaval;Banda;;
El Mayor de Mis Antojos;La Original Banda El Limón de Salvador Lizárraga;Banda;;
Permíteme;Banda Tierra Sagrada;Banda;;
Te Acuerdas de Tu Amiga;Adriel Favela;Banda;;
Pongámonos De Acuerdo;Julión Álvarez y su Norteño Banda;Banda;;
La Repetición;Banda Tierra Sagrada;Banda;;
Cuando Fuimos Nada;Joss Favela;Banda;;
Inevitable;Banda El Recodo;Banda;;
Ya Me Vi;El Dasa;Banda;;
Se Me Olvidó Quererte;Banda Los Sebastianes;Banda;;
Tu Mentira;El Mimoso Luis Antonio López;Banda;;
Solo Con Verte;Banda Sinaloense MS de Sergio Lizárraga;Banda;;
Hermosa Experiencia;Banda Sinaloense MS de Sergio Lizárraga;Banda;;
Belleza De Cantina;Cardenales De Nuevo León;Banda;;
Vete Ya;Valentín Elizalde;Banda;;
No Te Quiero Perder;Banda Los Recoditos;Banda;;
Te Soñé;El Coyote Y Su Banda Tierra Santa;Banda;;
Borracho de Amor;Edwin Luna y La Trakalosa de Monterrey;Banda;;
Solo Un Dia (Ahora Te Amo);Adan Romero;Banda;;
El Mejor Perfume;La Original Banda El Limón de Salvador Lizárraga;Banda;;
Mi Razón De Ser;Banda Sinaloense MS de Sergio Lizárraga;Banda;;
Dámaso;Gerardo Ortiz;Banda;;
Mi Enemigo El Amor;Pancho Barraza;Banda;;
Nos Acostumbramos;Los Horóscopos De Durango;Banda;;
Pero Te Vas A Arrepentir;K-Paz De La Sierra;Banda;;
Enséñame A Olvidarte;Intocable;Banda;;
Se Me Sigue Notando;Chuy Lizarraga y Su Banda Tierra Sinaloense;Banda;;
"Disculpe Usted,Sergio Vega ""El Shaka""";;Banda;;
Aunque Te Duela;Fidel Rueda;Banda;;
No Me Dolió;La Original Banda El Limón de Salvador Lizárraga;Banda;;
La Buena y la Mala;Banda Tierra Sagrada;Banda;;
Y Llegaste Tú;Banda El Recodo;Banda;;
Ni Lo Intentes;Julión Álvarez y su Norteño Banda;Banda;;
El Enamorado;Los Titanes De Durango;Banda;;
A chillar a otra parte;Pesado;Banda;;
Ni Que Valieras Tanto;El Poder Del Norte;Banda;;
Te Quiero Así;Valentín Elizalde;Banda;;
No Pasa Nada;Germán Montero;Banda;;
Un Rinconcito en el Cielo;Julio Preciado;Banda;;
Y Tú - Ranchera;Julión Álvarez y su Norteño Banda;Banda;;
Que Me Entierren Con la Banda;Jenni Rivera;Banda;;
Eres Mi Cenicienta;Voz De Mando;Banda;;
La Mejor De Todas;Banda El Recodo;Banda;;
La Baraja;La Numero 1 Banda Jerez De Marco A. Flores;Banda;;
Escápate;Luis Coronel;Banda;;
La Rata Flaca;Banda Autentica de Jerez;Banda;;
El Ruido De Tus Zapatos;La Arrolladora Banda El Limón De Rene Camacho;Banda;;
Mi Olvido;Banda Sinaloense MS de Sergio Lizárraga;Banda;;
Voy a Pistearme el Dolor;Regulo Caro;Banda;;
Las Edades;Roberto Tapia;Banda;;
Eres Mi Droga;Intocable;Banda;;
Porque Sin Ti;Banda San Jose De Mesillas;Banda;;
Una Entre Un Millón;Banda Rancho Viejo De Julio Aramburo La Bandononona;Banda;;
San Lunes;Edwin Luna y La Trakalosa de Monterrey;Banda;;
Ando Bien Pedo;Banda Los Recoditos;Banda;;
Mi Mayor Anhelo;Banda Sinaloense MS de Sergio Lizárraga;Banda;;
Cabecita Dura;La Arrolladora Banda El Limón De Rene Camacho;Banda;;
Vas A Llorar Por Mí;Banda El Recodo;Banda;;
Ojala que te mueras;Pesado;Banda;;
Mi Credo;K-Paz De La Sierra;Banda;;
Dos Hojas Sin Rumbo;Julio Preciado Y Su Banda Perla Del Pacifico;Banda;;
Y Ahora Resulta;Voz De Mando;Banda;;
Doble Vida;Edwin Luna y La Trakalosa de Monterrey;Banda;;
Qué Te Costaba;Fidel Rueda;Banda;;
Olvidarte No Será Sencillo;Banda Carnaval;Banda;;
No Llega El Olvido;Jenni Rivera;Banda;;
¿Y Todo Para Qué?;Intocable;Banda;;
Para Que Regreses;El Chapo De Sinaloa;Banda;;
Mujer de Piedra;Gerardo Ortiz;Banda;;
Descuide;Montez De Durango;Banda;;
Adicto;Duelo;Banda;;
La Mesa Del Rincon;Los Tigres Del Norte;Banda;;
Mujer De Todos; Mujer De Nadie;Banda;;
Como La Palma De Mi Mano;Banda San Jose De Mesillas;Banda;;
No Me Conoces Aún;Palomo;Banda;;
Mi Segunda Vida;La Arrolladora Banda El Limón De Rene Camacho;Banda;;
La Jaula De Oro;Los Tigres Del Norte;Banda;;
Complicidad (feat. Manuel Medrano);Vanesa Martín;Pop Español;;
El cielo que me das;Rosana;Pop Español;;
Dueles;Jesse & Joy;Pop Español;;
De Pies a Cabeza - Saga Remix;Maná;Pop Español;;
Amor y Dolor;Carlos Baute;Pop Español;;
Fan de ti - Acústico;Sidecars;Pop Español;;
Dónde está el amor - feat. Jesse & Joy;Pablo Alborán;Pop Español;;
Gulliver (with Natalia Lafourcade; Alex González y Sergio Vallín) - MTV Unplugged;Pop Español;;
Imaginando;Sergio Dalma;Pop Español;;
Vuelves;Sweet California;Pop Español;;
Un latido;David DeMaría;Pop Español;;
La tormenta - Acústico;Sidecars;Pop Español;;
Castígame;DMEI;Pop Español;;
Me estoy enamorando - feat. Iván Torres;Eva Ruiz;Pop Español;;
Solo Yo;Sofia Reyes;Pop Español;;
Concierto salvaje;M-Clan;Pop Español;;
Pájaros disecados;Fito y Fitipaldis;Pop Español;;
California;M-Clan;Pop Español;;
Fiesta en el infierno;Fangoria;Pop Español;;
Recuérdame;Pablo Alborán;Pop Español;;
Ganamos;Bebe;Pop Español;;
Personal;Neus Ferri;Pop Español;;
La promesa;Melendi;Pop Español;;
Es tu amor;DMEI;Pop Español;;
Corazon partio;Alejandro Sanz;Pop Español;;
9 días;Vanesa Martín;Pop Español;;
Garabatos;Fito y Fitipaldis;Pop Español;;
Similares;Laura Pausini;Pop Español;;
Perdimos el control;Carlos Baute;Pop Español;;
Eres;Sergio Dalma;Pop Español;;
Complicidad;Vanesa Martín;Pop Español;;
Y si te vas;David DeMaría;Pop Español;;
La esperanza;M-Clan;Pop Español;;
No soy una de esas - feat. Alejandro Sanz;Jesse & Joy;Pop Español;;
La escalera;Pablo Alborán;Pop Español;;
Por quererte;Efecto Mariposa;Pop Español;;
Sin saber por qué;Vanesa Martín;Pop Español;;
Tocado y hundido;Melendi;Pop Español;;
Sin Miedo a Nada - con Amaia Montero;Álex Ubago;Pop Español;;
Entre la espada y la pared;Fito y Fitipaldis;Pop Español;;
Es la música;Laura Pausini;Pop Español;;
Tu jardín con enanitos;Melendi;Pop Español;;
Ella;Bebe;Pop Español;;
Amiga mia;Alejandro Sanz;Pop Español;;
Dramas y comedias;Fangoria;Pop Español;;
Qué has hecho con mi vida;Eva Ruiz;Pop Español;;
Puerto Presente;Macaco;Pop Español;;
Entre la espada y la pared;Fito y Fitipaldis;Pop Español;;
Bailando - Spanish Version;Enrique Iglesias;Pop Español;;
The Less I Know The Better ; Tame Impala;Indie;;
Feel Good Inc ; Gorillaz;Indie;;
Walking On A Dream ; Empire of the Sun;Indie;;
Sweater Weather ; The Neighbourhood;Indie;;
If I ever feel better ; Phoenix;Indie;;
Midnight City ; M83;Indie;;
Take a Walk ; Passion Pit;Indie;;
Uprising ; Muse;Indie;;
Shots - Broiler Remix ; Imagine Dragons;Indie;;
Lonely Boy ; The Black Keys;Indie;;
Prayer in C - Robin Schulz Radio Edit ; Lilly Wood and The Prick;Indie;;
The Funeral ; Band of Horses;Indie;;
Electric Feel ; MGMT;Indie;;
Stressed Out ; Twenty One Pilots;Indie;;
Safe And Sound ; Capital Cities;Indie;;
Take Me Out ; Franz Ferdinand;Indie;;
My Number ; Foals;Indie;;
Seven Nation Army ; The White Stripes;Indie;;
Sex on Fire ; Kings of Leon;Indie;;
Houdini ; Foster The People;Indie;;
Last Nite ; The Strokes;Indie;;
Float On ; Modest Mouse;Indie;;
Paper Planes ; M.I.A.;Indie;;
Red Eyes ; The War On Drugs;Indie;;
Desire - Gryffin Remix ; Years & Years;Indie;;
Island In The Sun ; Weezer;Indie;;
One More Time ; Daft Punk;Indie;;
Love Will Tear Us Apart ; Joy Division;Indie;;
Junk of the Heart (Happy) ; The Kooks;Indie;;
Classic (feat. POWERS) ; The Knocks;Indie;;
Such Great Heights ; The Postal Service;Indie;;
Wildfire (feat. Little Dragon) ; SBTRKT;Indie;;
Young Folks ; Peter Bjorn and John;Indie;;
Heart It Races - Dr Dog Version ; Dr. Dog;Indie;;
The Man Who Sold The World ; Nirvana;Indie;;
So Good at Being in Trouble ; Unknown Mortal Orchestra;Indie;;
Here Comes Your Man ; Pixies;Indie;;
Dakota ; Stereophonics;Indie;;
Gone ; JR JR;Indie;;
Shooting Stars ; Bag Raiders;Indie;;
Animal ; Miike Snow;Indie;;
Disparate Youth ; Santigold;Indie;;
Breezeblocks ; alt-J;Indie;;
Ready For The Floor ; Hot Chip;Indie;;
You're Not Good Enough ; Blood Orange;Indie;;
C O O L ; LE YOUTH;Indie;;
Baby I'm Yours (feat. Irfane) ; Breakbot;Indie;;
Dreams ; Beck;Indie;;
Genesis ; Grimes;Indie;;
Banquet ; Bloc Party;Indie;;
Pumpin Blood ; NONONO;Indie;;
I Can Change ; LCD Soundsystem;Indie;;
Put a Light On ; Generationals;Indie;;
Never There ; Cake;Indie;;
Gronlandic Edit ; of Montreal;Indie;;
Wolf Like Me ; TV On The Radio;Indie;;
Real Slow ; Miami Horror;Indie;;
Swing Tree ; Discovery;Indie;;
Yoshimi Battles The Pink Robots Part 1 ; The Flaming Lips;Indie;;
Ooh La La ; Goldfrapp;Indie;;
Fa-Fa-Fa ; Datarock;Indie;;
Feeling Ok ; Best Coast;Indie;;
Can't Keep Checking My Phone - SILICON Rework ; Unknown Mortal Orchestra;Indie;;
Blind - Radio Edit ; Hercules & Love Affair;Indie;;
Soul Meets Body ; Death Cab for Cutie;Indie;;
Afterlife ; Arcade Fire;Indie;;
Paris (Aeroplane Remix) ; Friendly Fires;Indie;;
Alright ; Supergrass;Indie;;
White Lies ; Max Frost;Indie;;
Lights & Music ; Cut Copy;Indie;;
Holding On ; Julio Bashmore;Indie;;
Know What I Want ; Kali Uchis;Indie;;
Emerge ; Fischerspooner;Indie;;
Heartbeats ; The Knife;Indie;;
Je veux te voir ; Yelle;Indie;;
Crimewave ; Crystal Castles;Indie;;
One Girl / One Boy ; !!!;Indie;;
Let Go ; RAC;Indie;;
Dancing On My Own ; Robyn;Indie;;
Filthy/Gorgeous ; Scissor Sisters;Indie;;
Master Of None ; Beach House;Indie;;
An Honest Mistake - CD Album Version ; The Bravery;Indie;;
Time ; Jungle;Indie;;
Maps ; Yeah Yeah Yeahs;Indie;;
Girls And Boys ; Blur;Indie;;
This Head I Hold ; Electric Guest;Indie;;
Close To Me ; The Cure;Indie;;
Get Myself Into It ; The Rapture;Indie;;
Evil ; Interpol;Indie;;
Holdin On To Black Metal ; My Morning Jacket;Indie;;
Sweetest Kill ; Broken Social Scene;Indie;;
I Turn My Camera On ; Spoon;Indie;;
Burning ; The Whitest Boy Alive;Indie;;
Thunderhearts ; Cold War Kids;Indie;;
Age Of Consent ; New Order;Indie;;
"Common People - Full Length Version; Album Version "; Pulp;Indie;;
Black Beatles ; Rae Sremmurd;Pop;;
Closer ; The Chainsmokers;Pop;;
Starboy ; The Weeknd;Pop;;
Let Me Love You ; DJ Snake;Pop;;
Don't Wanna Know ; Maroon 5;Pop;;
24K Magic ; Bruno Mars;Pop;;
Say You Won't Let Go ; James Arthur;Pop;;
Fake Love ; Drake;Pop;;
Cold Water (feat. Justin Bieber & MØ) ; Major Lazer;Pop;;
Side To Side ; Ariana Grande;Pop;;
The Greatest ; Sia;Pop;;
Rockabye (feat. Sean Paul & Anne-Marie) ; Clean Bandit;Pop;;
In the Name of Love ; Martin Garrix;Pop;;
My Way ; Calvin Harris;Pop;;
All We Know ; The Chainsmokers;Pop;;
Starving ; Hailee Steinfeld;Pop;;
One Dance ; Drake;Pop;;
Treat You Better ; Shawn Mendes;Pop;;
Heathens ; Twenty One Pilots;Pop;;
Call on Me - Ryan Riback Remix ; Starley;Pop;;
Mercy ; Shawn Mendes;Pop;;
Shout Out to My Ex ; Little Mix;Pop;;
I Feel It Coming ; The Weeknd;Pop;;
Don't Let Me Down ; The Chainsmokers;Pop;;
Scars To Your Beautiful ; Alessia Cara;Pop;;
Juju On That Beat (TZ Anthem) ; Zay Hilfigerrr;Pop;;
Ain't My Fault ; Zara Larsson;Pop;;
Broccoli (feat. Lil Yachty) ; D.R.A.M.;Pop;;
Perfect Strangers ; Jonas Blue;Pop;;
Party Monster ; The Weeknd;Pop;;
We Don't Talk Anymore (feat. Selena Gomez) ; Charlie Puth;Pop;;
Fresh Eyes ; Andy Grammer;Pop;;
Chantaje ; Shakira;Pop;;
"CAN'T STOP THE FEELING! (Original Song from DreamWorks Animation's ""TROLLS"") "; Justin Timberlake;Pop;;
Sucker For Pain (with Wiz Khalifa; Imagine Dragons;Pop;;
Capsize ; FRENSHIP;Pop;;
The Mack ; Nevada;Pop;;
Ride ; Twenty One Pilots;Pop;;
Caroline ; Aminé;Pop;;
Too Good ; Drake;Pop;;
Otra Vez (feat. J Balvin) ; Zion & Lennox;Pop;;
This Is What You Came For ; Calvin Harris;Pop;;
i hate u; i love u (feat. olivia o'brien) ;Pop;;
Alarm ; Anne-Marie;Pop;;
Safari ; J Balvin;Pop;;
Setting Fires ; The Chainsmokers;Pop;;
You & Me ; Marc E. Bassy;Pop;;
Hymn For The Weekend - Seeb Remix ; Coldplay;Pop;;
The Ocean ; Mike Perry;Pop;;
Cheap Thrills ; Sia;;;
Boys 'Round Here (feat. Pistol Annies & Friends) ; Blake Shelton;Country;;
Let Me See Ya Girl ; Cole Swindell;Country;;
Knee Deep (feat. Jimmy Buffett) ; Zac Brown Band;Country;;
Somebody Like You ; Keith Urban;Country;;
Run Away With You ; Big & Rich;Country;;
Highway Don't Care ; Tim McGraw;Country;;
Bottoms Up ; Brantley Gilbert;Country;;
That Don't Sound Like You ; Lee Brice;Country;;
Wagon Wheel ; Darius Rucker;Country;;
Head Over Boots ; Jon Pardi;Country;;
Somethin' 'Bout A Truck ; Kip Moore;Country;;
Go Ahead and Break My Heart (feat. Gwen Stefani) ; Blake Shelton;Country;;
Nowhere Fast ; Old Dominion;Country;;
Strip It Down ; Luke Bryan;Country;;
Break Up In A Small Town ; Sam Hunt;Country;;
Chicken Fried ; Zac Brown Band;Country;;
Take A Back Road ; Rodney Atkins;Country;;
One Hell Of An Amen ; Brantley Gilbert;Country;;
Make You Miss Me ; Sam Hunt;Country;;
Drink You Away ; Justin Timberlake;Country;;
Don't It ; Billy Currington;Country;;
I Don't Dance ; Lee Brice;Country;;
Riser ; Dierks Bentley;Country;;
Leave The Night On ; Sam Hunt;Country;;
(This Ain’t No) Drunk Dial ; A Thousand Horses;Country;;
T-Shirt ; Thomas Rhett;Country;;
Sippin’ On Fire ; Florida Georgia Line;Country;;
Single For The Summer ; Sam Hunt;Country;;
Wasted Time ; Keith Urban;Country;;
Til It's Gone ; Kenny Chesney;Country;;
House Party ; Sam Hunt;Country;;
Drink to That All Night ; Jerrod Niemann;Country;;
Sangria ; Blake Shelton;Country;;
Barefoot Blue Jean Night ; Jake Owen;Country;;
Smoke ; A Thousand Horses;Country;;
Raised On It ; Sam Hunt;Country;;
Anything Goes ; Florida Georgia Line;Country;;
I Like The Sound Of That ; Rascal Flatts;Country;;
Stay A Little Longer ; Brothers Osborne;Country;;
Top Of The World ; Tim McGraw;Country;;
Even If It Breaks Your Heart ; Eli Young Band;Country;;
Wrong Turns ; Old Dominion;Country;;
Huntin'; Fishin' And Lovin' Every Day ;Country;;
This Is How We Roll ; Florida Georgia Line;Country;;
You'll Accomp'ny Me ; Frankie Ballard;Country;;
Homegrown ; Zac Brown Band;Country;;
Humble And Kind ; Tim McGraw;Country;;
Break Up with Him ; Old Dominion;Country;;
It All Started with a Beer ; Frankie Ballard;Country;;
Yeah ; Joe Nichols;Country;;
I'm Comin' Over ; Chris Young;Country;;
Springsteen ; Eric Church;Country;;
Drinking Class ; Lee Brice;Country;;
I Love This Life ; LOCASH;Country;;
Rebound ; Drew Baldridge;Country;;
Night's On Fire ; David Nail;Country;;
Road Trippin' ; Dan + Shay;Country;;
Cello Concerto in E Minor; Op.85 (1995 - Remaster): I. Adagio - Moderato ;Clasica;;
Fantasiestücke; Op. 12: No. 3. Warum? ;Clasica;;
Schumann: Cello Concerto in A Minor; Op. 129: I. Nicht zu schnell - ;Clasica;;
Sonata In D Minor; Kk. 9 ;Clasica;;
Symphony No. 2 in B Minor: III. Andante ; Alexander Borodin;Clasica;;
Beethoven: Piano Trio No. 5 in D Major; Op. 70 No. 1;Clasica;;
Concerto para Violão e Orquestra: I. Modinha ; Alondra de la Parra;Clasica;;
Piano Trio No. 1 in D Minor; Op. 63: I. Mit Energie und Leidenschaft ;Clasica;;
Graciela y Buenos Aires ; José Bragato;Clasica;;
Études-tableaux; Op. 39: No. 2 in A Minor: Lento assai ;Clasica;;
Cello Concerto No. 1 in E-Flat Major; Op. 107: I. Allegretto - Live ;Clasica;;
"Cavalleria rusticana: ""Voi lo sapete";" o mamma"" ";Clasica;;
Violin Sonata in B Minor: I. Allegro ; Amanda Maier-Röntgen;Clasica;;
Brahms: Cello Sonata No. 2 in F Major; Op. 99: I. Allegro vivace ;Clasica;;
Act 3: XXXIX. Romeo Bids Juliet Farewell ; Sergei Prokofiev;Clasica;;
"Overture ""A Midsummer Night's Dream"""; Op.21 ;Clasica;;
Images - Book 1; L. 110: 1. Reflets dans l'eau ;Clasica;;
Scheherazade; Op.35: The Sea And Sinbad's Ship (Largo e maestoso - Lento - Allegro non troppo - Tranquillo) ;Clasica;;
Oboe Sonata; FP 185: Elegie: Paisiblement ;Clasica;;
Divertimento; BB 118: I. Allegro non troppo ;Clasica;;
Symphony No. 7 in E Minor: I. Langsam - Allegro con fuoco ; Gustav Mahler;Clasica;;
L'Enfant et les sortilèges;" M.71 / Première partie: ""Ah! C'est Elle! C'est Elle!"" ";Clasica;;
Mikrokosmos; Sz. 107 - Book 6: No.149 Dance in Bulgarian Rhythm II ;Clasica;;
A Flock Descends Into The Pentagonal Garden ; Toru Takemitsu;Clasica;;
Violin Concerto No. 2; Op. 129: Moderato ;Clasica;;
Don Giovanni; K. 527 (Highlights): Act II: Don Giovanni;Clasica;;
Sonata In C For Cello And Piano Op.65: 1. Dialogo ; Benjamin Britten;Clasica;;
Bruckner : Symphony No.5 in B flat major [Original Version] : IV Finale - Adagio - Allegro moderato ; Anton Bruckner;Clasica;;
String Quartet No. 2 in D Major: I. Allegro moderato ; Alexander Borodin;Clasica;;
Delius: A Song of Summer; RT VI/26 ;Clasica;;
Scherzo No. 2 in B-Flat Minor; Op. 31 ;Clasica;;
String Quartet No. 1 in E Minor 'From My Life': I. Allegro vivo appassionato ; Bed?ich Smetana;Clasica;;
Piano Concerto No.4 In G; Op.58: 1. Allegro moderato ;Clasica;;
String Quartet No.8 in C Minor; Op.110: 1. Largo ;Clasica;;
Rhapsody in Blue ; Lang Lang;Clasica;;
String Quartet No.10 In E Flat Major; Op.51;Clasica;;
Shenandoah (arr. for piano) ; Anonymous ;Clasica;;
String Quartet No. 6 Op.80 in F minor: I Allegro vivace assai ; Felix Mendelssohn;Clasica;;
"Der Frühling: ""Seht";" wie der strenge Winter flieht!"" ";Clasica;;
String Quartet No. 4; Op. 22: I. Fugato: Sehr langsame Viertel ;Clasica;;
String Quartet No.14 in D Minor;" D. 810 ""Death and the Maiden"": II. Andante con moto ";Clasica;;
Madrigals; Libro 6: Moro;Clasica;;
Piano Concerto No. 2 in G Major; Sz. 95;Clasica;;
Dissonance Quartet in C Major: Adagio; Allegro ;Clasica;;
String Quartet No.15 in G; D.887: 1. Allegro molto moderato ;Clasica;;
Prokofiev: Piano Concerto No. 3 in C Major; Op. 26: I. Andante - Allegro ;Clasica;;
Schumann: Fantasiestücke; Op. 73: I. Zart und mit Ausdruck ;Clasica;;
Tristan und Isolde / Act 1: Prelude - Langsam und smachtend ; Richard Wagner;Clasica;;
En reve (Nocturne); S207/R87 ;Clasica;;
Études; Book 2: Etudes;Clasica;;
Hair Of The Dog (Studio Demo) ; Nazareth;Rock clasico;;
30 Days In A Hole (Live) ; Humble Pie;Rock clasico;;
Love Is Like Oxygen (Rare Studio Version) ; Sweet;Rock clasico;;
Flirtin' With Disaster (Live) ; Molly Hatchet;Rock clasico;;
Every Little Thing (BBC Radio Session) ; Yes;Rock clasico;;
Magic (Re-Recorded / Remastered) ; Pilot;Rock clasico;;
All The Young Dudes (Live) ; Mott The Hoople;Rock clasico;;
Spirit In The Sky ; Elton John;Rock clasico;;
Heat Of The Moment (Live) ; Asia;Rock clasico;;
On The Road (Re-Recorded / Remastered) ; Canned Heat;Rock clasico;;
Once Bitten Twice Shy (Re-Recorded / Remastered) ; Great White;Rock clasico;;
Boom; Boom (Out Go The Lights) ;Rock clasico;;
Slow Ride (Live) ; Foghat;Rock clasico;;
Sister Christian (Live) ; Night Ranger;Rock clasico;;
Rock N' Roll Hoochie Coo (Re-Recorded / Remastered) ; Rick Derringer;Rock clasico;;
When The Children Cry (Original Studio Demo) ; White Lion;Rock clasico;;
Cat Scratch Fever (Live) ; Rick Derringer;Rock clasico;;
Tell The World ; Ratt;Rock clasico;;
Cherry Pie (Re-Recorded / Remastered) ; Warrant;Rock clasico;;
Every Rose Has Its Thorn ; Bret Micheal (Poison);Rock clasico;;
Magic Power ; Triump;Rock clasico;;
Love Hurts (Studio Demo) ; Nazareth;Rock clasico;;
Fox On The Run (Rare Studio Version) ; Sweet;Rock clasico;;
Summertime Blues (Live) ; Blue Cheer;Rock clasico;;
You Can't Put Your Arms Around A Memory ; Johnny Thunders;Rock clasico;;
Doctor Doctor ; Michael Schenker Group;Rock clasico;;
Kick Out The Jams (Original Uncensored Version 1968) ; MC5;Rock clasico;;
Cum On Feel The Noize (Re-Recorded / Remastered) ; Quiet Riot;Rock clasico;;
Gimme Some Lovin' (Finland '66) ; The Spencer Davis Group;Rock clasico;;
Saturday Night (Re-Recorded / Remastered) ; Bay City Rollers;Rock clasico;;
Devil's Answer ; Atomic Rooster;Rock clasico;;
Don't Let Him Know (Re-Recorded / Remastered) ; Prism;Rock clasico;;
Let's Live For Today (Re-Recorded / Remastered) ; The Grass Roots;Rock clasico;;
Devil With A Blue Dress On (Re-recorded / Remastered) ; Mitch Ryder;Rock clasico;;
Indian Reservation (Re-Recorded / Remastered) ; Paul Revere & The Raiders;Rock clasico;;
You Keep Me Hangin' On (Re-Recorded / Remastered) ; Vanilla Fudge;Rock clasico;;
Wild Thing (Re-Recorded / Remastered) ; The Troggs;Rock clasico;;
Sour Milk Sea ; Jackie Lomax;Rock clasico;;
Motorbikin' ; Chris Spedding;Rock clasico;;
I Don't Need No Doctor (Live) ; Humble Pie;Rock clasico;;
London Calling - Remastered ; The Clash;Punk;;
Blitzkrieg Bop - Remastered Version ; Ramones;Punk;;
Basket Case ; Green Day;Punk;;
The Kids Aren't Alright ; The Offspring;Punk;;
All The Small Things ; blink-182;Punk;;
Anarchy In The U.K. ; Sex Pistols;Punk;;
Superman ; Goldfinger;Punk;;
Story of My Life ; Social Distortion;Punk;;
Linoleum ; NOFX;Punk;;
Thrash Unreal ; Against Me!;Punk;;
Radio; Radio ;Punk;;
The Passenger ; Iggy Pop;Punk;;
No Cigar ; Millencolin;Punk;;
Kick Out The Jams (Original Uncensored Version) ; MC5;Punk;;
Holiday in Cambodia ; Dead Kennedys;Punk;;
Fat Lip ; Sum 41;Punk;;
Savior ; Rise Against;Punk;;
Miss Murder ; AFI;Punk;;
Cherry Bomb ; The Runaways;Punk;;
Time Bomb ; Rancid;Punk;;
Last Caress ; Misfits;Punk;;
Straight Edge ; Minor Threat;Punk;;
Bob ; NOFX;Punk;;
Fuck Authority ; Pennywise;Punk;;
American Slang ; The Gaslight Anthem;Punk;;
TV Party ; Black Flag;Punk;;
New Noise ; Refused;Punk;;
Hooray For Me ; Pulley;Punk;;
Amoeba ; Adolescents;Punk;;
Search and Destroy ; The Stooges;Punk;;
Hope ; Descendents;Punk;;
42506; Lagwagon;Punk;;
Trusty Chords ; Hot Water Music;Punk;;
Analog ; Strung Out;Punk;;
Ocean Avenue ; Yellowcard;Punk;;
Sound System ; Operation Ivy;Punk;;
Anti-Manifesto ; Propagandhi;Punk;;
I Don't Wanna Be An Asshole Anymore ; The Menzingers;Punk;;
Corona ; Minutemen;Punk;;
You're Gonna Go Far; Kid ;Punk;;
Waiting Room ; Fugazi;Punk;;
Banned In D.C. ; Bad Brains;Punk;;
Gone ; The Bouncing Souls;Punk;;
1985; Bowling For Soup;Punk;;
The Boys of Summer ; The Ataris;Punk;;
I Wanna Be Your Dog ; The Stooges;Punk;;
City Of Angels ; The Distillers;Punk;;
The Impression That I Get ; The Mighty Mighty Bosstones;Punk;;
Sonic Reducer ; Dead Boys;Punk;;
I Wanna Be Sedated ; Ramones;Punk;;
In The City ; The Jam;Punk;;
Try Honesty ; Billy Talent;Punk;;
Bastards of Young - 2008 Remastered Version ; The Replacements;Punk;;
This Is the End (For You My Friend) ; Anti-Flag;Punk;;
Friends & Traitors ; Raised Fist;Punk;;
Ever Fallen in Love (With Someone You Shouldn't've?) - 1996 Remastered Version ; Buzzcocks;Punk;;
Oh Bondage Up Yours! ; X-Ray Spex;Punk;;
Prayer Of The Refugee ; Rise Against;Punk;;
Personality Crisis ; New York Dolls;Punk;;
Rebel Girl ; Bikini Kill;Punk;;
Don't Want To Know If You Are Lonely ; Hüsker Dü;Punk;;
I Was a Teenage Anarchist ; Against Me!;Punk;;
New Rose ; The Damned;Punk;;
World's On Heroin ; All;Punk;;
Longview ; Green Day;Punk;;
Don't Call Me White ; NOFX;Punk;;
Rock 'N' Roll High School - Remastered ; Ramones;Punk;;
Gotta Go ; Agnostic Front;Punk;;
My Friends Over You ; New Found Glory;Punk;;
American Idiot ; Green Day;Punk;;
Rise Above ; Black Flag;Punk;;
Everything Is Alright ; Motion City Soundtrack;Punk;;
Institutionalized ; Suicidal Tendencies;Punk;;
Can I Borrow Some Ambition? ; Guttermouth;Punk;;
Pretend We're Dead ; L7;Punk;;
Monsters ; Matchbook Romance;Punk;;
Knifeman ; The Bronx;Punk;;
Kids in America ; The Muffs;Punk;;
Dumb Reminders ; No Use For A Name;Punk;;
Nightlife ; Off With Their Heads;Punk;;
Because the Night - Remastered ; Patti Smith;Punk;;
Shoulder to the Wheel ; Saves The Day;Punk;;
Cool Kids ; Screeching Weasel;Punk;;
God Save The Queen ; Sex Pistols;Punk;;
Dammit ; blink-182;Punk;;
Self Esteem ; The Offspring;Punk;;
Should I Stay or Should I Go - Remastered ; The Clash;Punk;;
Los Angeles ; X;Punk;;
I Was Wrong ; Social Distortion;Punk;;
Ruby Soho ; Rancid;Punk;;
Alternative Ulster ; Stiff Little Fingers;Punk;;
Pretty Vacant ; Sex Pistols;Punk;;
A.D.D. ; Ten Foot Pole;Punk;;
Mercy Me ; Alkaline Trio;Punk;;
Skate Or Die ; Teenage Bottlerocket;Punk;;
La Tormenta ; Los Fabulosos Cadillacs;Rock en español;;
Sin Documentos ; Los Rodriguez;Rock en español;;
Crimen ; Gustavo Cerati;Rock en español;;
La Muralla Verde ; Los Enanitos Verdes;Rock en español;;
El Farolito ; Los Piojos;Rock en español;;
Así Es La Vida ; Elefante;Rock en español;;
No Voy en Tren ; Charly García;Rock en español;;
Viento ; Caifanes;Rock en español;;
Irresponsables ; Babasónicos;Rock en español;;
Obsesión ; Miguel Mateos;Rock en español;;
Como te extraño mi amor ; Café Tacvba;Rock en español;;
Devuelveme A Mi Chica ; Hombres G;Rock en español;;
El Microbito ; Fobia;Rock en español;;
Frente A Frente ; Bunbury;Rock en español;;
Te Quiero Igual ; Andrés Calamaro;Rock en español;;
Vasos Vacíos ; Los Fabulosos Cadillacs;Rock en español;;
Bonito ; Jarabe De Palo;Rock en español;;
Mentira - Remastered ; La Ley;Rock en español;;
Mariposa Tecknicolor ; Fito Páez;Rock en español;;
El Amor Después del Amor ; Fito Páez;Rock en español;;
La Lanza ; Babasónicos;Rock en español;;
Entre Dos Tierras ; Heroes Del Silencio;Rock en español;;
Frijolero ; Molotov;Rock en español;;
La Que Me Gusta ; Los Amigos Invisibles;Rock en español;;
Se Despierta La Ciudad ; Vicentico;Rock en español;;
Lucha De Gigantes ; Nacha Pop;Rock en español;;
A las Nueve ; No Te Va Gustar;Rock en español;;
Escuela de Calor ; Radio Futura;Rock en español;;
Atún ; Ciro y los Persas;Rock en español;;
Imagina ; Genitallica;Rock en español;;
Siento Que... ; Jumbo;Rock en español;;
A Un Minuto De Ti ; Mikel Erentxun;Rock en español;;
Triste Cancion ; El Tri;Rock en español;;
Sr. Cobranza ; Bersuit Vergarabat;Rock en español;;
Amnesia ; Inspector;Rock en español;;
En El Muelle De San Blas ; Maná;Rock en español;;
La Espada & la Pared ; Los Tres;Rock en español;;
Enciendan los Parlantes ; Los Auténticos Decadentes;Rock en español;;
La pachanga ; Vilma Palma E Vampiros;Rock en español;;
Mi Agüita Amarilla ; Los Toreros Muertos;Rock en español;;
Tren Al Sur ; Los Prisioneros;Rock en español;;
Dormir Soñando ; El Gran Silencio;Rock en español;;
En Algun Lugar ; Duncan Dhu;Rock en español;;
De Mis Pasos ; Julieta Venegas;Rock en español;;
No Dejes Que ; Jaguares;Rock en español;;
Ja; Ja;Rock en español;;
Mala Vida ; Mano Negra;Rock en español;;
Cuando Respiro en Tu Boca ; Lucybell;Rock en español;;
Afuera ; Caifanes;Rock en español;;
Las flores ; Café Tacvba;Rock en español;;
Los Malaventurados No Lloran ; PXNDX;Rock en español;;
Mil Horas ; Los Abuelos De La Nada;Rock en español;;
Promesas Que no valen nada ; Los Piratas;Rock en español;;
No Llora ; El Cuarteto De Nos;Rock en español;;
Mentiras ; Los Amigos Invisibles;Rock en español;;
Ella Estrella ; La Gusana Ciega;Rock en español;;
La chispa adecuada (feat. León Larregui) - MTV Unplugged ; Bunbury;Rock en español;;
Baracunatana ; Aterciopelados;Rock en español;;
La Dosis Perfecta ; Panteon Rococo;Rock en español;;
Nos Siguen Pegando Abajo ; Charly García;Rock en español;;
Pachuco - Remasterizado ; Maldita Vecindad Y Los Hijos Del 5to. Patio;Rock en español;;
Depende ; Jarabe De Palo;Rock en español;;
Mil Horas ; Andrés Calamaro;Rock en español;;
Lobo-Hombre En Paris ; La Unión;Rock en español;;
Persiana Americana - Remasterizado 2007 ; Soda Stereo;Rock en español;;
Atlas; Rise!;Metallica;Metal;
Wasted Years - 1998 Remastered Version ; Iron Maiden;Metal;;
Tornado Of Souls - 2004 Digital Remaster ; Megadeth;Metal;;
Walk ; Pantera;Metal;;
Holy Diver ; Dio;Metal;;
Raining Blood ; Slayer;Metal;;
Crazy Train - Remastered ; Ozzy Osbourne;Metal;;
Painkiller ; Judas Priest;Metal;;
Hot For Teacher ; Van Halen;Metal;;
Metal Church ; Metal Church;Metal;;
I Want Out ; Helloween;Metal;;
Moth Into Flame ; Metallica;Metal;;
The Toxic Waltz ; Exodus;Metal;;
2 Minutes To Midnight - 1998 Remastered Version ; Iron Maiden;Metal;;
Balls to the Wall ; Accept;Metal;;
Princess of the Night ; Saxon;Metal;;
Cowboys From Hell ; Pantera;Metal;;
Sad But True ; Metallica;Metal;;
A Dangerous Meeting ; Mercyful Fate;Metal;;
South Of Heaven ; Slayer;Metal;;
Overkill ; Motörhead;Metal;;
Electric Eye ; Judas Priest;Metal;;
Electric Crown ; Testament;Metal;;
Master Of Puppets ; Metallica;Metal;;
Kings Of Metal ; Manowar;Metal;;
Tarot Woman ; Rainbow;Metal;;
Cold Sweat ; Thin Lizzy;Metal;;
Hardwired ; Metallica;Metal;;
Run to the Hills - 1998 Remastered Version ; Iron Maiden;Metal;;
Solitude ; Candlemass;Metal;;
Victim Of Changes ; Judas Priest;Metal;;
Battle Hymn ; Manowar;Metal;;
Fight Fire With Fire ; Metallica;Metal;;
Still Of The Night - 2007 Remastered Version ; Whitesnake;Metal;;
Metal On Metal ; Anvil;Metal;;
Symptom of the Universe ; Black Sabbath;Metal;;
Where Eagles Dare - 1998 Remastered Version ; Iron Maiden;Metal;;
N.I.B. ; Black Sabbath;Metal;;
Wild Child ; W.A.S.P.;Metal;;
Iron Man ; Black Sabbath;Metal;;
We Rock ; Dio;Metal;;
Metal Health (Bang Your Head) ; Quiet Riot;Metal;;
Doctor Doctor ; UFO;Metal;;
Can U Deliver ; Armored Saint;Metal;;
Breaking The Chains ; Dokken;Metal;;
Edge of Thorns ; Savatage;Metal;;
Killed By Death ; Motörhead;Metal;;
All We Are ; Warlock;Metal;;
The Four Horsemen (Remastered) ; Metallica;Metal;;
Learn to Fly ; Foo Fighters;Rock alternativo;;
The Kids Aren't Alright ; The Offspring;Rock alternativo;;
Killing In The Name - Remastered ; Rage Against The Machine;Rock alternativo;;
Even Flow ; Pearl Jam;Rock alternativo;;
Drive ; Incubus;Rock alternativo;;
My Own Worst Enemy ; Lit;Rock alternativo;;
Basket Case ; Green Day;Rock alternativo;;
Man in the Box ; Alice In Chains;Rock alternativo;;
Smells Like Teen Spirit ; Nirvana;Rock alternativo;;
Tomorrow - Remastered ; Silverchair;Rock alternativo;;
Freak On a Leash ; Korn;Rock alternativo;;
The Distance ; Cake;Rock alternativo;;
Loser ; Beck;Rock alternativo;;
Two Princes ; Spin Doctors;Rock alternativo;;
Semi-Charmed Life ; Third Eye Blind;Rock alternativo;;
Shimmer - Single Version ; Fuel;Rock alternativo;;
Inside Out ; Eve 6;Rock alternativo;;
Down ;311;Rock alternativo;;
Everlong ; Foo Fighters;Rock alternativo;;
Plush ; Stone Temple Pilots;Rock alternativo;;
Alive ; Pearl Jam;Rock alternativo;;
Ball and Chain ; Social Distortion;Rock alternativo;;
Cannonball ; The Breeders;Rock alternativo;;
Pretty Fly (For a White Guy) ; The Offspring;Rock alternativo;;
The Freshmen ; The Verve Pipe;Rock alternativo;;
Runaway Train ; Soul Asylum;Rock alternativo;;
Only Happy When It Rains ; Garbage;Rock alternativo;;
Brick ; Ben Folds Five;Rock alternativo;;
Creep ; Radiohead;Rock alternativo;;
Bulls On Parade ; Rage Against The Machine;Rock alternativo;;
Girlfriend ; Matthew Sweet;Rock alternativo;;
1979; The Smashing Pumpkins;Rock alternativo;;
Mmm Mmm Mmm Mmm ; Crash Test Dummies;Rock alternativo;;
No Rain - 2002 - Remastered ; Blind Melon;Rock alternativo;;
All I Want ; Toad The Wet Sprocket;Rock alternativo;;
Wonderwall ; Oasis;Rock alternativo;;
Bitter Sweet Symphony ; The Verve;Rock alternativo;;
Criminal ; Fiona Apple;Rock alternativo;;
Plowed ; Sponge;Rock alternativo;;
Been Caught Stealing ; Jane's Addiction;Rock alternativo;;
I Don't Know Anything ; Mad Season;Rock alternativo;;
Sex And Candy ; Marcy Playground;Rock alternativo;;
Buddy Holly ; Weezer;Rock alternativo;;
Santa Monica ; Everclear;Rock alternativo;;
Got the Life ; Korn;Rock alternativo;;
Pure Massacre - Remastered ; Silverchair;Rock alternativo;;
Jeremy ; Pearl Jam;Rock alternativo;;
Lump ; The Presidents Of The United States Of America;Rock alternativo;;
Mr. Jones ; Counting Crows;Rock alternativo;;
Hallelujah ; Jeff Buckley;Rock alternativo;;
Meet Virginia ; Train;Rock alternativo;;
Never There ; Cake;Rock alternativo;;
Superman ; Goldfinger;Rock alternativo;;
Superman's Dead ; Our Lady Peace;Rock alternativo;;
Little Miss Can't Be Wrong ; Spin Doctors;Rock alternativo;;
All Mixed Up ;311;Rock alternativo;;
Just A Girl ; No Doubt;Rock alternativo;;
Why Don't You Get a Job? ; The Offspring;Rock alternativo;;
My Hero ; Foo Fighters;Rock alternativo;;
Pardon Me ; Incubus;Rock alternativo;;
No Excuses ; Alice In Chains;Rock alternativo;;
River Of Deceit ; Mad Season;Rock alternativo;;
Everything You Want ; Vertical Horizon;Rock alternativo;;
The Beautiful People ; Marilyn Manson;Rock alternativo;;
Standing Outside a Broken Phone Booth with Money in My Hand ; Primitive Radio Gods;Rock alternativo;;
What I Got ; Sublime;Rock alternativo;;
99 Red Balloons ; Goldfinger;Rock alternativo;;
If I Can't Change Your Mind ; Sugar;Rock alternativo;;
Nearly Lost You ; Screaming Trees;Rock alternativo;;
Zombie ; The Cranberries;Rock alternativo;;
I Will Survive ; Cake;Rock alternativo;;
Hey Man; Nice Shot (Remastered Album Version) ;Rock alternativo;;
I Miss You ; Incubus;Rock alternativo;;
Clean My Wounds ; Corrosion Of Conformity;Rock alternativo;;
Closer ; Nine Inch Nails;Rock alternativo;;
Would? ; Alice In Chains;Rock alternativo;;
2 Wicky ; Hooverphonic;Rock alternativo;;
Cut You In ; Jerry Cantrell;Rock alternativo;;
When I Come Around ; Green Day;Rock alternativo;;
Stars ; Hum;Rock alternativo;;
She Don't Use Jelly ; The Flaming Lips;Rock alternativo;;
Closing Time ; Semisonic;Rock alternativo;;
S.O.B. ; Nathaniel Rateliff & The Night Sweats;Folk;;
Douglas Douglass ; Pearl and the Beard;Folk;;
Be My Husband ; Sara Watkins;Folk;;
Water Fountain ; tUnE-yArDs;Folk;;
Cups ; Lulu & The Lampshades;Folk;;
Down To The River ; The Duhks;Folk;;
All Is Love ; Karen O And The Kids;Folk;;
Step Into My Office; Baby ;Folk;;
Housebroken Man ; Quiet Life;Folk;;
All I Want Is You ; Barry Louis Polisar;Folk;;
The Train That Carried My Gal From Town ; Buddy Miller;Folk;;
Road To Nowhere ; Release The Sunbird;Folk;;
I've Got A Dog And My Dog's Name Is Cat ; Barry Louis Polisar;Folk;;
Adelaide ; The Greencards;Folk;;
King of the World ; First Aid Kit;Folk;;
Back To You ; Twin Forks;Folk;;
My Best Friend ; Hello Saferide;Folk;;
Ain't No Grave ; Crooked Still;Folk;;
Rollin' Over ; Skinny Lister;Folk;;
I Will Wait ; Mumford & Sons;Folk;;
In Our Talons ; Bowerbirds;Folk;;
Fuel The Fire ; Sarah Jarosz;Folk;;
Ode to Work a Day ; Boat To Row;Folk;;
Black Mountain Side ; Led Zeppelin;Folk;;
Reggaetón Lento (Bailemos) ; CNCO;Reggaeton;;
Otra Vez (feat. J Balvin) ; Zion & Lennox;Reggaeton;;
Chantaje ; Shakira;Reggaeton;;
Safari ; J Balvin;Reggaeton;;
Gyal You A Party Animal - Remix ; Charly Black;Reggaeton;;
Vente Pa' Ca ; Ricky Martin;Reggaeton;;
Traicionera ; Sebastian Yatra;Reggaeton;;
Dile Que Tu Me Quieres ; Ozuna;Reggaeton;;
Bailame Despacio ; Xantos;Reggaeton;;
Vacaciones ; Wisin;Reggaeton;;
Shaky Shaky - Remix ; Daddy Yankee;Reggaeton;;
El Perdedor - The Remix ; Maluma;Reggaeton;;
El Chisme ; Reykon;Reggaeton;;
Mi Tesoro (feat. Nicky Jam) ; Zion & Lennox;Reggaeton;;
Ay Mi Dios ; IAmChino;Reggaeton;;
De Pies a Cabeza - Saga Remix ; Maná;Reggaeton;;
Me Llamas ; Piso 21;Reggaeton;;
Ya Me Enteré - Urban Version ; Reik;Reggaeton;;
Necesito Ayuda ; Jacob Forever;Reggaeton;;
Si Ella Quisiera (Remix) [feat. Yandel & Gadiel] ; Justin Quiles;Reggaeton;;
Manicomio ; Cosculluela;Reggaeton;;
Acércate (feat. Nicky Jam) - Remix ; De La Ghetto;Reggaeton;;
Te Quiero Pa´Mi ; Don Omar;Reggaeton;;
Quítate la Pena ; Piso 21;Reggaeton;;
Otra Copa (feat. Farruko) ; Justin Quiles;Reggaeton;;
Ruleta Rusa ; Kevin Roldan;Reggaeton;;
La Cómplice ; Alexis & Fido;Reggaeton;;
Si Me Dices Que Si (feat. Nicky Jam) ; Cosculluela;Reggaeton;;
La Bicicleta - Remix ; Carlos Vives;Reggaeton;;
Amor y Dolor (feat. Alexis & Fido) ; Carlos Baute;Reggaeton;;
Quédate - Remix ; Andy Rivera;Reggaeton;;
Playa y Arena (Remix) ; Mark B.;Reggaeton;;
Que Raro ; Feid;Reggaeton;;
Ya Quiero ; Domino Saints;Reggaeton;;
Encantadora - Remix ; Yandel;Reggaeton;;
Hello ; Karol G;Reggaeton;;
Bobo ; J Balvin;Reggaeton;;
DUELE EL CORAZON - Remix ; Enrique Iglesias;Reggaeton;;
Rico Suave ; J Alvarez;Reggaeton;;
Hasta el Amanecer - The Remix ; Nicky Jam;Reggaeton;;
Pierde Los Modales ; J Balvin;Reggaeton;;
Detras De Ti (Remix) [feat. Ozuna] ; Jory Boy;Reggaeton;;
Nos Olvidamos ; Ken-Y;Reggaeton;;
La Fila ; Luny Tunes;Reggaeton;;
Embriágame (feat. Don Omar) - Remix ; Zion & Lennox;Reggaeton;;
Andas En Mi Cabeza - Remix ; Chino & Nacho;Reggaeton;;
Borro Cassette ; Maluma;Reggaeton;;
La Oportunidad ; Danny Romero;Reggaeton;;
Hasta Que Se Seque el Malecón - Remix ; Jacob Forever;Reggaeton;;
Una en un Millón - Remix ; Alexis & Fido;Reggaeton;;
No Quiere Enamorarse (Remix) [feat. Daddy Yankee] ; Ozuna;Reggaeton;;
Lloraras ; Oscar D'León;Salsa;;
Yo No Se Manana ; Luis Enrique;Salsa;;
La Murga ; Héctor Lavoe;Salsa;;
La rebelion ; Joe Arroyo;Salsa;;
Conteo Regresivo - Salsa Version ; Gilberto Santa Rosa;Salsa;;
Flor Pálida ; Marc Anthony;Salsa;;
Micaela ; Sonora Carruseles;Salsa;;
Fabricando Fantasias - Salsa Version ; Tito Nieves;Salsa;;
La Agarro Bajando ; Gilberto Santa Rosa;Salsa;;
Desnúdate Mujer ; Frankie Ruiz;Salsa;;
He Tratado ; Víctor Manuelle;Salsa;;
Amores Como el Nuestro ; Jerry Rivera;Salsa;;
Gotas De Lluvia ; Grupo Niche;Salsa;;
Que Locura Enamorarme De Ti ; Eddie Santiago;Salsa;;
Aquel Lugar ; Adolescent's Orquesta;Salsa;;
Decisiones ; Rubén Blades;Salsa;;
Mi Media Mitad ; Rey Ruiz;Salsa;;
Oiga; Mire;Salsa;;
Valió la Pena - Salsa Version ; Marc Anthony;Salsa;;
Cachondea ; Fruko Y Sus Tesos;Salsa;;
Tu Amor Me Hace Bien - Salsa Version ; Marc Anthony;Salsa;;
Conciencia ; Gilberto Santa Rosa;Salsa;;
Ven devorame otra vez ; Lalo Rodriguez;Salsa;;
Vivir lo nuestro ; Marc Anthony;Salsa;;
Anacaona ; Fania All Stars;Salsa;;
Un Verano En Nueva York ; Andy Montañez;Salsa;;
El Preso ; Fruko Y Sus Tesos;Salsa;;
Tu Con El ; Frankie Ruiz;Salsa;;
Aquél Viejo Motel ; David Pabon;Salsa;;
Ven Devórame Otra Vez ; Lalo Rodriguez;Salsa;;
El Dia De Suerte ; Héctor Lavoe;Salsa;;
Sin Sentimientos ; Grupo Niche;Salsa;;
Por Ella ; Víctor Manuelle;Salsa;;
Cinco Noches ; Paquito Guzman;Salsa;;
Te Va a Doler ; Maelo Ruiz;Salsa;;
El Cantante ; Marc Anthony;Salsa;;
Me Liberé ; El Gran Combo De Puerto Rico;Salsa;;
I Love Salsa ; N'Klabe;Salsa;;
Señora De Madrugada ; Tito Rojas;Salsa;;
No Me Acostumbro ; Rey Ruiz;Salsa;;
Lluvia ; Eddie Santiago;Salsa;;
Cali Pachanguero ; Grupo Niche;Salsa;;
La Quiero A Morir ; D.L.G.;Salsa;;
Cuando Se Juega Con Fuego ; Luis Enrique;Salsa;;
Comerte A Besos - Salsa Version ; Frankie Negrón;Salsa;;
Pirata - Original Version ; Yiyo Sarante;Salsa;;
Siempre Seré ; Tito Rojas;Salsa;;
Esa Mujer ; Tony Vega;Salsa;;
Tengo Ganas - Versión Salsa ; Víctor Manuelle;Salsa;;
Juliana ; D.L.G.;Salsa;;
Estos Celos ; David Kada;Salsa;;
Adicto a Tu Piel ; Frankie Negrón;Salsa;;
Pirata de Amor ; Yanfourd;Salsa;;
Amor Perfecto ; Alex Matos;Salsa;;
Vamonos Pal Monte ; Eddie Palmieri;Salsa;;
Qué Hay de Malo ; Jerry Rivera;Salsa;;
Estoy Confundido ; Felix Manuel;Salsa;;
Una Aventura ; Grupo Niche;Salsa;;
Tu Sin Mi ; Jehu El Rey;Salsa;;
Qué Se Siente ; Rolf Sanchez;Salsa;;
Corazón Sin Cara ; Prince Royce;Bachata;;
Propuesta Indecente ; Romeo Santos;Bachata;;
Te Extraño - Bachata Version ; Xtreme;Bachata;;
Hoja En Blanco ; Monchy & Alexandra;Bachata;;
El malo ; Aventura;Bachata;;
Solo Quise Quererte ; Kewin Cosmos;Bachata;;
Me Puedo Matar (feat. Hactor Acosta) ; Bachata Heightz;Bachata;;
La Mejor de Todas ; Zacarias Ferreira;Bachata;;
Eres Mía ; Romeo Santos;Bachata;;
Darte un Beso ; Prince Royce;Bachata;;
24 Horas ; 24 Horas;Bachata;;
Quiereme ; Johnny Sky;Bachata;;
Te Robaré ; Prince Royce;Bachata;;
Tengo un Amor ; Toby Love;Bachata;;
Infiel ; Karlos Rosé;Bachata;;
Llévame Contigo ; Romeo Santos;Bachata;;
El Pobre (Remix) [feat. Luis Vargas] ; Chiko Swagg;Bachata;;
Dile al amor ; Aventura;Bachata;;
Cuanto Duele ; Carlos y Alejandra;Bachata;;
Vagabundo; Borracho y Loco ;Bachata;;
Solita ; Prince Royce;Bachata;;
Debate De 4 ; Romeo Santos;Bachata;;
Tu Eres Ajena ; Frank Reyes;Bachata;;
Que Ironía (Versión Bachata) ; Andy Andy;Bachata;;
Poquito A Poquito ; Henry Santos;Bachata;;
Los infieles ; Aventura;Bachata;;
El Cuchillo ; Optimo;Bachata;;
Necio ; Romeo Santos;Bachata;;
La Carretera ; Prince Royce;Bachata;;
Loco De Amor ; Luis Vargas;Bachata;;
Obsesion ; Aventura;Bachata;;
Cancioncitas de Amor ; Romeo Santos;Bachata;;
Culpa al Corazón ; Prince Royce;Bachata;;
Donde Estan Esos Amigos ; El Chaval;Bachata;;
Donde Estara ; Antony Santos;Bachata;;
Hilito ; Romeo Santos;Bachata;;
Perdidos ; Monchy & Alexandra;Bachata;;
Culpables ; Liza + Willie;Bachata;;
Inocente ; Romeo Santos;Bachata;;
24 Horas ; Frank Reyes;Bachata;;
Nereyda ; Raulin Rodriguez;Bachata;;
Me Voy (feat. Romeo Santos) ;" Hector Acosta ""El Torito""";Bachata;;
No Es una Novela ; Monchy & Alexandra;Bachata;;
Por Tu Culpa ; 24 Horas;Bachata;;
El Aire Que Respiro ; Toby Love;Bachata;;
Tatuaje ; Elvis Crespo;Bachata;;
Just The Way You Are ; Karlos Rosé;Bachata;;
No Tengo Suerte En El Amor ; Yoskar Sarante;Bachata;;
La Bella Y La Bestia ; Romeo Santos;Bachata;;
Diez Segundos ; Zacarias Ferreira;Bachata;;
