cancion,artista,genero
Virus,Excision,EDM
Icarus,R3hab,EDM
Cutting Shapes,Don Diablo,EDM
Believer,Major Lazer,EDM
With You,Excision,EDM
The Great Escape,Ravitez,EDM
Closer - R3hab Remix,The Chainsmokers,EDM
Ritual (feat. Wrabel),Marshmello,EDM
Take My Breath Away,Alesso,EDM
Without The Sun,Dash Berlin,EDM
In The Name Of Love - DallasK Remix,Martin Garrix,EDM
Love On Me - CID Remix,Galantis,EDM
Whole Heart - BKAYE Remix,Gryffin,EDM
Sun Is Never Going Down,Martin Garrix,EDM
Mellow,Showtek,EDM
I'll Follow,Fancy Cars,EDM
Angel,RBYN,EDM
I Want You,Ti‰sto,EDM
Everything Changed,Dbstf,EDM
Frontlines,Zeds Dead,EDM
Shelter,Porter Robinson,EDM
Weekend - East & Young Remix,Louis The Child,EDM
Harambe,Excision,EDM
My Way - Ti‰sto Remix,Calvin Harris,EDM
Anything,Frank Pole,EDM
What We Started,Don Diablo,EDM
Blackout,Pegboard Nerds,EDM
Sahara,DJ Snake,EDM
Cold Water - Afrojack Remix,Major Lazer,EDM
Stable,Breathe Carolina,EDM
We Were Young - Tritonal Remix,Gareth Emery,EDM
Till The End,Swanky Tunes,EDM
Alone (Slushii Remix),Marshmello,EDM
Light That's Never Fading (Radio Edit),Dyve,EDM
Tell Me Why,Sagan,EDM
Broken - Cash Cash Remix,Tritonal,EDM
Fire,Louis The Child,EDM
Lights (Feat. Laurell),Jef Miles,EDM
How Else - David Guetta Remix,Steve Aoki,EDM
All of Us (Dropout Remix) [feat. ANIMA!],Dirty South,EDM
Is It Love - Riggi & Piros Remix,3LAU,EDM
We Are the Ones,Myon,EDM
Sever the Ties (feat. Esther Sparkes),Arman Cekin,EDM
Jupiter,Michael Brun,EDM
Anonymous (feat. Mister Blonde),Jackal,EDM
Mirror,Excision,EDM
Rise N Shine - Murtagh Remix,Eva Shaw,EDM
Make A Wrong Thing Right - Dom Dolla Remix Edit,The,EDM
Monopoly - Qulinez Remix,Mokita,EDM
Taped Up Heart (feat. Clara Mae),KREAM,EDM
