artista,,
Aaron Y Su Grupo Ilusion,,
Los Yaguaru,,
Los 50 De Joselito,,
Celso Pina,,
Los Dinamiteros de Colombia,,
Orquesta De Edmundo Arias,,
Conjunto Los Rumberos,,
Climaco Sarmiento Y Su Orquesta,,
Super Orquesta Cartagena,,
Los Caciques del Valle,,
Andres Landero,,
Jimmy Y Su Combo Negro,,
Sonora Tropicana,,
Aniceto Molina,,
Los Warahuaco,,
El Combo De Las Estrellas,,
Gustavo Quintero,,
Alfredo Gutierrez,,
Nelson Henriquez,,
Pastor Lopez,,
Jorge Celedón,,
Rodolfo y su Típica RA7,,
Gabriel Romero,,
Sonora Everest,,
Armando Hernandez,,
Nelson Y Sus Estrellas,,
Anibal Velasquez Y Su Conjunto,,
Gabriel Romero Y Su Orquesta,,
Chicos de Barrio,,
Rayito Colombiano,,
La Sonora Cordobesa,,
Lisandro Meza,,
La Sonora Dinamita,,
Simba Musical,,
Afrosound,,
Antonio Rivas,,
Efrén David Rivera,,
Luis Ornelas y su Grupo,,
Lisandro Meza Y Su Conjunto,,
Los Acosta,,
Grupo Kual?,,
La More,,
Grupo Cañaveral De Humberto Pabón,,
Los Socios Del Ritmo,,
Grupo Bryndis,,
Roberto Moron Y Su Atentado Internacional,,
Los Llayras,,
Los Telez,,
La Tropa Vallenata,,
Samuray,,
Los Angeles Azules,,
Ladron,,
Los Angeles De Charly,,
Grupo Sonador,,
Chucho Ponce Los Daddys de Chinantla,,
Grupo Mojado,,
La Revancha,,
Alberto Pedraza,,
Los Acaboy's,,
Los Tigrillos,,
Los Mier,,
Los Askis,,
Grupo Pegasso,,
Grupo G,,
Los Yes Yes,,
Tom Zanetti,,
John Gibbons,,
Disciples,,
Mark Knight,,
Low Steppa,,
Duke Dumont,,
Lee Walker,,
99 Souls,,
Eden Prince,,
Secondcity,,
Oliver Heldens,,
KDA,,
Gorgon City,,
Blonde,,
Ben Pearce,,
Years & Years,,
Kideko,,
Black Saint,,
Hannah Wants,,
Kattison,,
Lushington,,
Riton,,
Metroplane,,
Hot Since 82,,
Julio Bashmore,,
Billon,,
Kokiri,,
Endor,,
Dusky,,
Zac Samuel,,
Jax Jones,,
Tough Love,,
Ryan Blyth,,
Icarus,,
TCTS,,
Breach,,
My Digital Enemy,,
Example,,
Friend Within,,
Disclosure,,
Matoma,,
DJ Cameo,,
Shadow Child,,
Ku De Ta,,
 Fabich Remix,,
Chris Lorenzo,,
Apexape,,
Punctual,,
Tuff London,,
Mike Perry,,
State of Sound,,
Martin Jensen,,
KLYMVX,,
EC Twins,,
Remady,,
Ftampa,,
FRENSHIP,,
Lost Frequencies,,
Klingande,,
Oceans,,
CVBZ,,
James Arthur,,
Starley,,
Campsite Dream,,
SJUR,,
Sam Feldt,,
Craig David,,
Broken Back,,
Mahmut Orhan,,
Maybon,,
filous,,
Dante Klein,,
MUNA,,
ZHU,,
Kygo,,
Tep No,,
NOËP,,
LCAW,,
Comet Blue,,
Major Lazer,,
MIKVH,,
Purasangre,,
Alle Farben,,
Tiësto,,
Tez Cadey,,
Alicia Keys,,
Alan Walker,,
Sondr,,
Imany,,
Bakermat,,
Marcus Layton,,
Embody,,
TooManyLeftHands,,
Izzy Bizu,,
Julian Perretta,,
Cheat Codes,,
Nathan Goshen,,
Charming Horses,,
Mako,,
Dillon Francis,,
Bearson,,
Kaskade,,
Steve Aoki,,
Yall,,
Tom Redwood,,
PANG!,,
Tom Odell,,
Emma Bale,,
LISTENBEE,,
Damien Jurado,,
SNBRN,,
OMI,,
Alex Adair,,
Snakehips,,
Lily & Madeleine,,
Mr. Probz,,
Tatomed,,
Oscar L,,
Como Sea,,
Jose M.,,
Protocluster,,
Noir & Hayze,,
Marc Romboy,,
Fur Coat,,
Emanuel Satie,,
Coyu,,
Whilk & Misky,,
Cristoph,,
Jonas Rathsman,,
Modul Kollektiv,,
Giorgio Maulini,,
Beatamines,,
Marcos Cruz,,
Yves Murasca,,
Kidnap Kid,,
Sam Paganini,,
Matador,,
Dubfire,,
Nina Kraviz,,
Sacha Robotti,,
WhoMadeWho,,
Barber,,
Loco Dice,,
The/Das,,
Noir,,
Detlef,,
Joseph Gaex,,
Wehbba,,
Jamie Jones,,
Popof,,
Bob Moses,,
Henry Saiz,,
Justin Jay,,
Moonwalk,,
Adriatique,,
Nicole Moudaber,,
Julian Jeweil,,
Recondite,,
Adam Beyer,,
Marco Carola,,
Anna,,
Loco & Jam,,
Olivier Giacomotto,,
Romero,,
Adrian Hour,,
Flow & Zeo,,
Stefano Noferini,,
Damian Lazarus,,
Eagles & Butterflies,,
Danny Daze,,
Tiga,,
Viels,,
Fran Rives,,
Victor Ruiz,,
Koen Groeneveld,,
Nile Rodgers,,
Axel Boman,,
Luca Debonaire,,
Eminence,,
Joseph Capriati,,
Eddie Amador,,
Sven Väth,,
Pan-Pot,,
Gaiser,,
Andrea Oliva,,
Ben Klock,,
Julia Govor,,
Sailor & I,,
Marco Molina,,
Prok & Fitch,,
Matt Lange,,
UMEK,,
Drezo,,
Joran Van Pol,,
Ronnie Spiteri,,
Bart Skils,,
Wolfgang Gartner,,
Gina Turner,,
Alberto Ruiz,,
Mark Farina,,
Boys Noize,,
Alan Fitzpatrick,,
Hugo Massien,,
Claudio Bruno,,
Pig & Dan,,
Krankbrother,,
System 7,,
Pascal Hetzel,,
Roel Salemink,,
Mat.Joe,,
Filterheadz,,
Dioneli,,
Black Caviar,,
Eats Everything,,
Michael Woods,,
Idriss D,,
Him_Self_Her,,
Carl Cox,,
Dj 3000,,
Kollektiv Turmstrasse,,
Latmun,,
Luca M,,
Pleasurekraft,,
Cirez D,,
Plastikman,,
Weiss (UK),,
John Monkman,,
Danny Tenaglia,,
Ali Wilson,,
Pryda,,
Robbie Rivera,,
Paul Ritch,,
Lupe Fuentes,,
Pele,,
DJ Dozia,,
Tube & Berger,,
Technasia,,
Maceo Plex,,
Booka Shade,,
Noha,,
ATTLAS,,
Cut Snake,,
Dirty South,,
Josh Butler,,
Luke Garcia,,
DJ PP,,
NY's Finest,,
Per Hammar,,
Format:B,,
Ten Walls,,
Kevin Saunderson,,
Drumcomplex,,
Dazzo,,
Piecey,,
Reset Robot,,
Lane 8,,
Sannie,,
Yotto,,
Jimi Polo,,
Louisahhh!!!,,
Sian,,
Valy Mo,,
Paul Harris,,
Tato,,
Madame,,
Schuhmacher,,
High Math,,
The Mambo Brothers,,
John Askew,,
The Alexsander,,
Velvit,,
Kevin Knapp,,
Trevino,,
Taiki Nulight,,
THNK,,
Ardalan,,
Harry Romero,,
Matt Smallwood,,
One Six,,
Rag'n'Bone Man,,
Matrix & Futurebound,,
Eva Simons,,
Shapeshifter NZ,,
The Prodigy,,
Sub Focus,,
Netsky,,
Tritonal,,
Delta Heavy,,
Jarryd James,,
Sigma,,
TC,,
Cadenza,,
Emeli Sandé,,
Utah Jazz,,
Chase & Status,,
Fred V & Grafix,,
Rainer + Grimm,,
Drumsound & Bassline Smith,,
WRLD,,
Noisestorm,,
Metrik,,
Droptek,,
Logistics,,
Star.One,,
Krakota,,
North Base,,
Wilkinson,,
Technimatic,,
MNEK,,
DC Breaks,,
Jerome Price,,
Dexcell,,
WiDE AWAKE,,
deadmau5,,
Brookes Brothers,,
Futuristik,,
Urbandawn,,
Sigala,,
1991,,
DJ Hazard,,
Alix Perez,,
Whiney,,
Protoje,,
NCT,,
Hybrid Minds,,
Dabin,,
Jauz,,
Dawn Wall,,
Pola & Bryson,,
Fais,,
Macca (DNB),,
Dossa & Locuzzed,,
Hugh Hardie,,
Ady Suleiman,,
Dimension,,
Rae Sremmurd,,
Drake,,
The Weeknd,,
21 Savage,,
Big Sean,,
A$AP Mob,,
Migos,,
Rick Ross,,
Lil Uzi Vert,,
Kodak Black,,
Young M.a.,,
Meek Mill,,
Russ,,
Rob $tone,,
2 Chainz,,
Young Thug,,
Aminé,,
A Tribe Called Quest,,
Tory Lanez,,
Dave,,
Belly,,
DJ Esco,,
Future,,
Madeintyo,,
Dae Dae,,
A Boogie Wit da Hoodie,,
Gucci Mane,,
O.T. Genasis,,
Fetty Wap,,
Desiigner,,
Lil Yachty,,
PnB Rock,,
Kendrick Lamar,,
Chance The Rapper,,
D.R.A.M.,,
Joey Bada$$,,
Starrah,,
Fat Joe,,
Bryson Tiller,,
Giggs,,
Zay Hilfigerrr,,
Tyga,,
JAY Z,,
Chip,,
Abra Cadabra,,
Kanye West,,
ScHoolboy Q,,
The Game,,
A$AP Rocky,,
Skepta,,
Eminem,,
Wiz Khalifa,,
Krept & Konan,,
Skrillex,,
Dr. Dre,,
French Montana,,
Lil Wayne,,
Kano,,
PARTYNEXTDOOR,,
DMX,,
The Notorious B.I.G.,,
 Sad Ting,,
Sinead Harnett,,
Joe Hertz,,
Nylo,,
Khalid,,
Aquilo,,
Xavier Omär,,
JAHKOY,,
Abhi//Dijon,,
Moods,,
Mura Masa,,
R.LUM.R,,
Daniel Caesar,,
Zuma,,
Opia,,
Sango,,
SaÍgo,,
MIKNNA,,
Couros,,
Tom Misch,,
Sofi de la Torre,,
Dana,,
Ella Mai,,
Connor Pearson,,
Toulouse,,
Kevin Garrett,,
Dessert,,
Mansa,,
THEY.,,
RAY BLK,,
SIBA,,
dvsn,,
Jeffrey James,,
Jarrod Milton,,
Ravyn Lenae,,
Yuna,,
Frost,,
FKJ,,
Beach Season,,
A.CHAL,,
Kiiara,,
Chris McClenney,,
Allan Rayman,,
Ta-ku,,
Noname,,
QUIÑ,,
St. Beauty,,
Kranium,,
Chris Brown,,
J-Soul,,
Cashmere Cat,,
Ramriddlz,,
Z,,
Ayo Jay,,
Roy Woods,,
Sean Paul,,
Rihanna,,
Aanysa,,
DJ Mustard,,
Ariana Grande,,
Trey Songz,,
Niykee Heaton,,
Jeremih,,
Tinashe,,
K. Forest,,
Seth Dyer,,
Post Malone,,
Bruno Mars,,
Wyclef Jean,,
Kehlani,,
David Correy,,
Childish Gambino,,
Keshia Chanté,,
Anders,,
S.L.M.N,,
Plaza,,
6LACK,,
VALNTN,,
Jhene Aiko,,
Saya,,
John Legend,,
Aaron Camper,,
Rojo,,
Rescate,,
Zona 7,,
Benjamin Rivera,,
Kyosko,,
Pablo Olivares,,
Christine D'Clario,,
Pescao Vivo,,
Hillsong United,,
Strike 3,,
Gerry Marquez,,
Vertical,,
Marco Barrientos,,
David Scarpeta,,
Metamorffosis,,
Ingrid Rosario,,
Cristo Para Las Naciones Band,,
Santo Remedio,,
Blest,,
Renacer,,
Su Presencia,,
La voz del desierto,,
Padre Jony,,
Logos,,
En Espíritu Y En Verdad,,
Exegesis,,
Micmas,,
Rosa de Saron,,
Banda Generasion,,
Eclipse,,
D-Mente,,
Generación 12,,
Identidad,,
Revoluzion Estereo,,
180 Grados,,
Jesus Culture,,
Hillsong Worship,,
Casting Crowns,,
Crowder,,
000 Reasons (Bless the Lord) [feat. Matt Redman] [Live],,
New Life Worship,,
Elevation Worship,,
Gungor,,
Matt Maher,,
Passion,,
Kalley Heiligenthal,,
Kristene Dimarco,,
Jeremy Riddle,,
Jenn Johnson,,
Kari Jobe,,
Matt Stinton,,
Chris Tomlin,,
All Sons & Daughters,,
Bryan & Katie Torwalt,,
Kim Walker-Smith,,
Hillsong Chapel,,
 We Love You (Live),,
Christy Nockels,,
Charlie Hall,,
Jonathan David,,
Desperation Band,,
Bethel Music,,
Michael W. Smith,,
Big Daddy Weave,,
Hillsong Young & Free,,
Darlene Zschech,,
Steffany Frizzell Gretzinger,,
Amanda Cook,,
David Hazeltine,,
John Coltrane,,
Esbjörn Svensson Trio,,
Enrico Pieranunzi,,
Eric Reed,,
Grace Kelly,,
Charles Mingus,,
John Moulder,,
The Hot Sardines,,
 and You Were So Beautiful,,
Stanley Turrentine,,
Joey Alexander,,
Bill Mobley,,
Phil Woods,,
Joshua Redman,,
Mulgrew Miller,,
Various Artists,,
Miles Davis,,
Wynton Marsalis,,
Seamus Blake,,
Scott Hamilton,,
Marcus Gilmore,,
Beegie Adair,,
Bill Charlap,,
McCoy Tyner,,
Julian Dash,,
Jan Lundgren Trio,,
Kenny Garrett,,
Lou Donaldson,,
Tommy Flanagan,,
Dan Cray Trio,,
Ibrahim Maalouf,,
Brad Mehldau Trio,,
Marcus Roberts,,
Bill Evans,,
Roy Hargrove,,
Bob Berg,,
Joe Lovano,,
Christian Scott,,
Lee Morgan,,
Jacky Terrasson,,
Art Pepper,,
Branford Marsalis,,
Johnny Hodges,,
Christian McBride,,
Teddy Wilson,,
Xavier Davis,,
Oscar Peterson Trio,,
Gene Ammons,,
Anthony Wonsey Trio,,
Stan Getz,,
Ray Bryant,,
Ben Webster,,
Gary Smith,,
Herbie Hancock,,
Duke Ellington,,
Quincy Jones,,
Wes Montgomery,,
Bill Evans Trio,,
Dexter Gordon,,
Bengt Hallberg,,
Art Blakey & The Jazz Messengers,,
Bobby Hutcherson,,
Branford Marsalis Quartet,,
Etta James,,
Betty Carter,,
Bert Kaempfert,,
Coleman Hawkins,,
Bud Powell,,
Julie London,,
Alfredo Rodriguez,,
 My Dear,,
Vince Guaraldi Trio,,
Charlie Parker,,
The Dave Brubeck Quartet,,
Stacey Kent,,
Cannonball Adderley,,
Chet Baker,,
Louis Armstrong,,
Nancy Wilson,,
Sonny Rollins,,
Chris Botti,,
Clifford Brown,,
Kenny Wayne Shepherd,,
Philip Sayce Group,,
Henrik Freischlader Trio,,
Paulo Mendonca,,
Tony Spinner,,
Cry Of Love,,
Richie Kotzen,,
Bernard Allison,,
Simon McBride,,
Ana Popovic,,
Phat Phunktion,,
Henrik Freischlader,,
Anthony Gomes,,
Mike Zito,,
Shannon Curfman,,
Oli Brown,,
Gov't Mule,,
Jonny Lang,,
Alvin Youngblood Hart,,
Bryce Janey,,
Joanne Shaw Taylor,,
Edwin McCain,,
Gugun Power Trio,,
Saint Jude,,
Joe Bonamassa,,
Albert King,,
Muddy Waters,,
Howlin' Wolf,,
John Lee Hooker,,
B.B. King,,
Buddy Guy,,
Lightnin' Hopkins,,
Elmore James,,
Little Walter,,
Son House,,
Sonny Boy Williamson II,,
T-Bone Walker,,
Freddie King,,
Ray Charles,,
Willie Dixon,,
Otis Rush,,
Bo Diddley,,
Otis Spann,,
Bob Marley & The Wailers,,
Third World,,
Shinehead,,
Peter Tosh,,
 No,,
Joss Stone,,
Beenie Man,,
Ziggy Marley,,
Alborosie,,
Gregory Isaacs,,
UB40,,
Toots & The Maytals,,
Avicii,,
Beres Hammond,,
Ziggy Marley & The Melody Makers,,
 Country Roads,,
Shurwayne Winchester,,
Kevin Michael feat. Wyclef Jean,,
Black Uhuru,,
Burning Spear,,
Sizzla,,
Grace Jones,,
Laid Back,,
Delroy Wilson,,
Duane Stephenson,,
Shaggy, Leroy Sibbles, Freddie McGregor
Tanya Stephens,,
Alpha Blondy,,
Capleton,,
Stephen Marley,,
Jah Cure,,
 I Love Your Way,,
Junior Kelly,,
10cc,,
Matisyahu,,
Max Romeo,,
Damian Marley,,
The Wailers,,
Inner Circle,,
Kevin Lyttle,,
Apache Indian,,
Gentleman,,
John Holt,,
Ini Kamoze,,
Collie Buddz,,
Rita Marley,,
Junior Murvin,,
 Stand Up,,
 Jah Cure,,
Yellowman,,
Barrington Levy,,
Wayne Wade,,
Pato Banton,,
Marcia Griffiths,,
Chaka Demus & Pliers,,
Pablo Moses,,
Lionel Richie,,
Anthony B,,
Buju Banton,,
Maxi Priest,,
Culture,,
Magic!,,
U-Roy,,
Jacob Miller,,
Miike Snow,,
Jimmy Cliff,,
Rico,,
Lutan Fyah,,
Cultura Profética,,
Mystical Fyah,,
Fyahbwoy,,
Dread Mar I,,
Los Cafres,,
Gondwana,,
Raggabund,,
Nonpalidece,,
Fidel Nadal,,
Kameleba,,
Quique Neira,,
Mad Division feat. Morodo & Keishal & Squid,,
Laguna Pai,,
Yerberos,,
Manu Chao,,
Alika,,
Resistencia Suburbana,,
Gomba Jahbari,,
Bahiano,,
Riddim,,
Intoxicados,,
El Natty Combo,,
Lengualerta,,
Movimiento Original,,
 amarillo y rojo,,
Cañaman,,
Sumo,,
Morodo,,
Chulito Camacho,,
Vicente Garcia,,
Les Babacools,,
B-Side Players,,
Quinto Sol,,
Big Mountain,,
Kapanga,,
Los Pericos,,
King Chango,,
Mad Professor,,
Locos Por Juana,,
Banda Sinaloense MS de Sergio Lizárraga,,
La Adictiva Banda San José de Mesillas,,
Crecer German,,
Banda Los Recoditos,,
La Septima Banda,,
Ulices Chaidez Y Sus Plebes,,
El Komander,,
Calibre 50,,
Julión Álvarez y su Norteño Banda,,
Los Plebes del Rancho de Ariel Camacho,,
Fidel Rueda,,
Alta Consigna,,
Duelo,,
Christian Nodal,,
El Bebeto,,
Banda Los Sebastianes,,
Jonatán Sánchez,,
Ariel Camacho y Los Plebes Del Rancho,,
Joss Favela,,
Edwin Luna y La Trakalosa de Monterrey,,
Cristian Jacobo,,
Regulo Caro,,
Impacto Sinaloense,,
Banda La Contagiosa,,
Pesado,,
Claudio Alcaraz Y Su Banda La Mundial,,
Cheyo Carrillo,,
Julión Alvarez,,
La Arrolladora Banda El Limón De Rene Camacho,,
Christian Nava,,
Banda Carnaval,,
La Original Banda El Limón de Salvador Lizárraga,,
Banda Tierra Sagrada,,
Adriel Favela,,
Banda El Recodo,,
El Dasa,,
El Mimoso Luis Antonio López,,
Cardenales De Nuevo León,,
Valentín Elizalde,,
El Coyote Y Su Banda Tierra Santa,,
Adan Romero,,
Gerardo Ortiz,,
Pancho Barraza,,
Los Horóscopos De Durango,,
K-Paz De La Sierra,,
Intocable,,
Chuy Lizarraga y Su Banda Tierra Sinaloense,,
Los Titanes De Durango,,
El Poder Del Norte,,
Germán Montero,,
Julio Preciado,,
Jenni Rivera,,
Voz De Mando,,
La Numero 1 Banda Jerez De Marco A. Flores,,
Luis Coronel,,
Banda Autentica de Jerez,,
Roberto Tapia,,
Banda San Jose De Mesillas,,
Banda Rancho Viejo De Julio Aramburo La Bandononona,,
Julio Preciado Y Su Banda Perla Del Pacifico,,
El Chapo De Sinaloa,,
Montez De Durango,,
Los Tigres Del Norte,,
 Mujer De Nadie,,
Palomo,,
Vanesa Martín,,
Rosana,,
Jesse & Joy,,
Maná,,
Carlos Baute,,
Sidecars,,
Pablo Alborán,,
 Alex González y Sergio Vallín) - MTV Unplugged,,
Sergio Dalma,,
Sweet California,,
David DeMaría,,
DMEI,,
Eva Ruiz,,
Sofia Reyes,,
M-Clan,,
Fito y Fitipaldis,,
Fangoria,,
Bebe,,
Neus Ferri,,
Melendi,,
Alejandro Sanz,,
Laura Pausini,,
Efecto Mariposa,,
Álex Ubago,,
Macaco,,
Enrique Iglesias,,
 Tame Impala,,
 Gorillaz,,
 Empire of the Sun,,
 The Neighbourhood,,
 Phoenix,,
 M83,,
 Passion Pit,,
 Muse,,
 Imagine Dragons,,
 The Black Keys,,
 Lilly Wood and The Prick,,
 Band of Horses,,
 MGMT,,
 Twenty One Pilots,,
 Capital Cities,,
 Franz Ferdinand,,
 Foals,,
 The White Stripes,,
 Kings of Leon,,
 Foster The People,,
 The Strokes,,
 Modest Mouse,,
 M.I.A.,,
 The War On Drugs,,
 Years & Years,,
 Weezer,,
 Daft Punk,,
 Joy Division,,
 The Kooks,,
 The Knocks,,
 The Postal Service,,
 SBTRKT,,
 Peter Bjorn and John,,
 Dr. Dog,,
 Nirvana,,
 Unknown Mortal Orchestra,,
 Pixies,,
 Stereophonics,,
 JR JR,,
 Bag Raiders,,
 Miike Snow,,
 Santigold,,
 alt-J,,
 Hot Chip,,
 Blood Orange,,
 LE YOUTH,,
 Breakbot,,
 Beck,,
 Grimes,,
 Bloc Party,,
 NONONO,,
 LCD Soundsystem,,
 Generationals,,
 Cake,,
 of Montreal,,
 TV On The Radio,,
 Miami Horror,,
 Discovery,,
 The Flaming Lips,,
 Goldfrapp,,
 Datarock,,
 Best Coast,,
 Hercules & Love Affair,,
 Death Cab for Cutie,,
 Arcade Fire,,
 Friendly Fires,,
 Supergrass,,
 Max Frost,,
 Cut Copy,,
 Julio Bashmore,,
 Kali Uchis,,
 Fischerspooner,,
 The Knife,,
 Yelle,,
 Crystal Castles,,
 !!!,,
 RAC,,
 Robyn,,
 Scissor Sisters,,
 Beach House,,
 The Bravery,,
 Jungle,,
 Yeah Yeah Yeahs,,
 Blur,,
 Electric Guest,,
 The Cure,,
 The Rapture,,
 Interpol,,
 My Morning Jacket,,
 Broken Social Scene,,
 Spoon,,
 The Whitest Boy Alive,,
 Cold War Kids,,
 New Order,,
 Rae Sremmurd,,
 The Chainsmokers,,
 The Weeknd,,
 DJ Snake,,
 Maroon 5,,
 Bruno Mars,,
 James Arthur,,
 Drake,,
 Major Lazer,,
 Ariana Grande,,
 Sia,,
 Clean Bandit,,
 Martin Garrix,,
 Calvin Harris,,
 Hailee Steinfeld,,
 Shawn Mendes,,
 Starley,,
 Little Mix,,
 Alessia Cara,,
 Zay Hilfigerrr,,
 Zara Larsson,,
 D.R.A.M.,,
 Jonas Blue,,
 Charlie Puth,,
 Andy Grammer,,
 Shakira,,
 FRENSHIP,,
 Nevada,,
 Aminé,,
 Zion & Lennox,,
 i love u (feat. olivia o'brien) ,,
 Anne-Marie,,
 J Balvin,,
 Marc E. Bassy,,
 Coldplay,,
 Mike Perry,,
 Blake Shelton,,
 Cole Swindell,,
 Zac Brown Band,,
 Keith Urban,,
 Big & Rich,,
 Tim McGraw,,
 Brantley Gilbert,,
 Lee Brice,,
 Darius Rucker,,
 Jon Pardi,,
 Kip Moore,,
 Old Dominion,,
 Luke Bryan,,
 Sam Hunt,,
 Rodney Atkins,,
 Justin Timberlake,,
 Billy Currington,,
 Dierks Bentley,,
 A Thousand Horses,,
 Thomas Rhett,,
 Florida Georgia Line,,
 Kenny Chesney,,
 Jerrod Niemann,,
 Jake Owen,,
 Rascal Flatts,,
 Brothers Osborne,,
 Eli Young Band,,
 Fishin' And Lovin' Every Day ,,
 Frankie Ballard,,
 Joe Nichols,,
 Chris Young,,
 Eric Church,,
 LOCASH,,
 Drew Baldridge,,
 David Nail,,
 Dan + Shay,,
 Op.85 (1995 - Remaster): I. Adagio - Moderato ,,
 Op. 12: No. 3. Warum? ,,
 Op. 129: I. Nicht zu schnell - ,,
 Kk. 9 ,,
 Alexander Borodin,,
 Op. 70 No. 1,,
 Alondra de la Parra,,
 Op. 63: I. Mit Energie und Leidenschaft ,,
 José Bragato,,
 Op. 39: No. 2 in A Minor: Lento assai ,,
 Op. 107: I. Allegretto - Live ,,
 Amanda Maier-Röntgen,,
 Op. 99: I. Allegro vivace ,,
 Sergei Prokofiev,,
 L. 110: 1. Reflets dans l'eau ,,
 Op.35: The Sea And Sinbad's Ship (Largo e maestoso - Lento - Allegro non troppo - Tranquillo) ,,
 FP 185: Elegie: Paisiblement ,,
 BB 118: I. Allegro non troppo ,,
 Gustav Mahler,,
" M.71 / Première partie: ""Ah! C'est Elle! C'est Elle!"" ",,
 Sz. 107 - Book 6: No.149 Dance in Bulgarian Rhythm II ,,
 Toru Takemitsu,,
 Op. 129: Moderato ,,
 K. 527 (Highlights): Act II: Don Giovanni,,
 Benjamin Britten,,
 Anton Bruckner,,
 RT VI/26 ,,
 Op. 31 ,,
 Bed?ich Smetana,,
 Op.58: 1. Allegro moderato ,,
 Op.110: 1. Largo ,,
 Lang Lang,,
 Op.51,,
 Anonymous ,,
 Felix Mendelssohn,,
 Op. 22: I. Fugato: Sehr langsame Viertel ,,
" D. 810 ""Death and the Maiden"": II. Andante con moto ",,
 Libro 6: Moro,,
 Sz. 95,,
 Allegro ,,
 D.887: 1. Allegro molto moderato ,,
 Op. 26: I. Andante - Allegro ,,
 Op. 73: I. Zart und mit Ausdruck ,,
 Richard Wagner,,
 S207/R87 ,,
 Book 2: Etudes,,
 Nazareth,,
 Humble Pie,,
 Sweet,,
 Molly Hatchet,,
 Yes,,
 Pilot,,
 Mott The Hoople,,
 Elton John,,
 Asia,,
 Canned Heat,,
 Great White,,
 Boom (Out Go The Lights) ,,
 Foghat,,
 Night Ranger,,
 Rick Derringer,,
 White Lion,,
 Ratt,,
 Warrant,,
 Bret Micheal (Poison),,
 Triump,,
 Blue Cheer,,
 Johnny Thunders,,
 Michael Schenker Group,,
 MC5,,
 Quiet Riot,,
 The Spencer Davis Group,,
 Bay City Rollers,,
 Atomic Rooster,,
 Prism,,
 The Grass Roots,,
 Mitch Ryder,,
 Paul Revere & The Raiders,,
 Vanilla Fudge,,
 The Troggs,,
 Jackie Lomax,,
 Chris Spedding,,
 The Clash,,
 Ramones,,
 Green Day,,
 The Offspring,,
 blink-182,,
 Sex Pistols,,
 Goldfinger,,
 Social Distortion,,
 NOFX,,
 Against Me!,,
 Radio ,,
 Iggy Pop,,
 Millencolin,,
 Dead Kennedys,,
 Sum 41,,
 Rise Against,,
 AFI,,
 The Runaways,,
 Rancid,,
 Misfits,,
 Minor Threat,,
 Pennywise,,
 The Gaslight Anthem,,
 Black Flag,,
 Refused,,
 Pulley,,
 Adolescents,,
 The Stooges,,
 Descendents,,
 Lagwagon,,
 Hot Water Music,,
 Strung Out,,
 Yellowcard,,
 Operation Ivy,,
 Propagandhi,,
 The Menzingers,,
 Minutemen,,
 Kid ,,
 Fugazi,,
 Bad Brains,,
 The Bouncing Souls,,
 Bowling For Soup,,
 The Ataris,,
 The Distillers,,
 The Mighty Mighty Bosstones,,
 Dead Boys,,
 The Jam,,
 Billy Talent,,
 The Replacements,,
 Anti-Flag,,
 Raised Fist,,
 Buzzcocks,,
 X-Ray Spex,,
 New York Dolls,,
 Bikini Kill,,
 Hüsker Dü,,
 The Damned,,
 All,,
 Agnostic Front,,
 New Found Glory,,
 Motion City Soundtrack,,
 Suicidal Tendencies,,
 Guttermouth,,
 L7,,
 Matchbook Romance,,
 The Bronx,,
 The Muffs,,
 No Use For A Name,,
 Off With Their Heads,,
 Patti Smith,,
 Saves The Day,,
 Screeching Weasel,,
 X,,
 Stiff Little Fingers,,
 Ten Foot Pole,,
 Alkaline Trio,,
 Teenage Bottlerocket,,
 Los Fabulosos Cadillacs,,
 Los Rodriguez,,
 Gustavo Cerati,,
 Los Enanitos Verdes,,
 Los Piojos,,
 Elefante,,
 Charly García,,
 Caifanes,,
 Babasónicos,,
 Miguel Mateos,,
 Café Tacvba,,
 Hombres G,,
 Fobia,,
 Bunbury,,
 Andrés Calamaro,,
 Jarabe De Palo,,
 La Ley,,
 Fito Páez,,
 Heroes Del Silencio,,
 Molotov,,
 Los Amigos Invisibles,,
 Vicentico,,
 Nacha Pop,,
 No Te Va Gustar,,
 Radio Futura,,
 Ciro y los Persas,,
 Genitallica,,
 Jumbo,,
 Mikel Erentxun,,
 El Tri,,
 Bersuit Vergarabat,,
 Inspector,,
 Maná,,
 Los Tres,,
 Los Auténticos Decadentes,,
 Vilma Palma E Vampiros,,
 Los Toreros Muertos,,
 Los Prisioneros,,
 El Gran Silencio,,
 Duncan Dhu,,
 Julieta Venegas,,
 Jaguares,,
 Ja,,
 Mano Negra,,
 Lucybell,,
 PXNDX,,
 Los Abuelos De La Nada,,
 Los Piratas,,
 El Cuarteto De Nos,,
 La Gusana Ciega,,
 Aterciopelados,,
 Panteon Rococo,,
 Maldita Vecindad Y Los Hijos Del 5to. Patio,,
 La Unión,,
 Soda Stereo,,
 Rise!,Metal,
 Iron Maiden,,
 Megadeth,,
 Pantera,,
 Dio,,
 Slayer,,
 Ozzy Osbourne,,
 Judas Priest,,
 Van Halen,,
 Metal Church,,
 Helloween,,
 Metallica,,
 Exodus,,
 Accept,,
 Saxon,,
 Mercyful Fate,,
 Motörhead,,
 Testament,,
 Manowar,,
 Rainbow,,
 Thin Lizzy,,
 Candlemass,,
 Whitesnake,,
 Anvil,,
 Black Sabbath,,
 W.A.S.P.,,
 UFO,,
 Armored Saint,,
 Dokken,,
 Savatage,,
 Warlock,,
 Foo Fighters,,
 Rage Against The Machine,,
 Pearl Jam,,
 Incubus,,
 Lit,,
 Alice In Chains,,
 Silverchair,,
 Korn,,
 Spin Doctors,,
 Third Eye Blind,,
 Fuel,,
 Eve 6,,
311,,
 Stone Temple Pilots,,
 The Breeders,,
 The Verve Pipe,,
 Soul Asylum,,
 Garbage,,
 Ben Folds Five,,
 Radiohead,,
 Matthew Sweet,,
 The Smashing Pumpkins,,
 Crash Test Dummies,,
 Blind Melon,,
 Toad The Wet Sprocket,,
 Oasis,,
 The Verve,,
 Fiona Apple,,
 Sponge,,
 Jane's Addiction,,
 Mad Season,,
 Marcy Playground,,
 Everclear,,
 The Presidents Of The United States Of America,,
 Counting Crows,,
 Jeff Buckley,,
 Train,,
 Our Lady Peace,,
 No Doubt,,
 Vertical Horizon,,
 Marilyn Manson,,
 Primitive Radio Gods,,
 Sublime,,
 Sugar,,
 Screaming Trees,,
 The Cranberries,,
 Nice Shot (Remastered Album Version) ,,
 Corrosion Of Conformity,,
 Nine Inch Nails,,
 Hooverphonic,,
 Jerry Cantrell,,
 Hum,,
 Semisonic,,
 Nathaniel Rateliff & The Night Sweats,,
 Pearl and the Beard,,
 Sara Watkins,,
 tUnE-yArDs,,
 Lulu & The Lampshades,,
 The Duhks,,
 Karen O And The Kids,,
 Baby ,,
 Quiet Life,,
 Barry Louis Polisar,,
 Buddy Miller,,
 Release The Sunbird,,
 The Greencards,,
 First Aid Kit,,
 Twin Forks,,
 Hello Saferide,,
 Crooked Still,,
 Skinny Lister,,
 Mumford & Sons,,
 Bowerbirds,,
 Sarah Jarosz,,
 Boat To Row,,
 Led Zeppelin,,
 CNCO,,
 Charly Black,,
 Ricky Martin,,
 Sebastian Yatra,,
 Ozuna,,
 Xantos,,
 Wisin,,
 Daddy Yankee,,
 Maluma,,
 Reykon,,
 IAmChino,,
 Piso 21,,
 Reik,,
 Jacob Forever,,
 Justin Quiles,,
 Cosculluela,,
 De La Ghetto,,
 Don Omar,,
 Kevin Roldan,,
 Alexis & Fido,,
 Carlos Vives,,
 Carlos Baute,,
 Andy Rivera,,
 Mark B.,,
 Feid,,
 Domino Saints,,
 Yandel,,
 Karol G,,
 Enrique Iglesias,,
 J Alvarez,,
 Nicky Jam,,
 Jory Boy,,
 Ken-Y,,
 Luny Tunes,,
 Chino & Nacho,,
 Danny Romero,,
 Oscar D'León,,
 Luis Enrique,,
 Héctor Lavoe,,
 Joe Arroyo,,
 Gilberto Santa Rosa,,
 Marc Anthony,,
 Sonora Carruseles,,
 Tito Nieves,,
 Frankie Ruiz,,
 Víctor Manuelle,,
 Jerry Rivera,,
 Grupo Niche,,
 Eddie Santiago,,
 Adolescent's Orquesta,,
 Rubén Blades,,
 Rey Ruiz,,
 Mire,,
 Fruko Y Sus Tesos,,
 Lalo Rodriguez,,
 Fania All Stars,,
 Andy Montañez,,
 David Pabon,,
 Paquito Guzman,,
 Maelo Ruiz,,
 El Gran Combo De Puerto Rico,,
 N'Klabe,,
 Tito Rojas,,
 D.L.G.,,
 Frankie Negrón,,
 Yiyo Sarante,,
 Tony Vega,,
 David Kada,,
 Yanfourd,,
 Alex Matos,,
 Eddie Palmieri,,
 Felix Manuel,,
 Jehu El Rey,,
 Rolf Sanchez,,
 Prince Royce,,
 Romeo Santos,,
 Xtreme,,
 Monchy & Alexandra,,
 Aventura,,
 Kewin Cosmos,,
 Bachata Heightz,,
 Zacarias Ferreira,,
 24 Horas,,
 Johnny Sky,,
 Toby Love,,
 Karlos Rosé,,
 Chiko Swagg,,
 Carlos y Alejandra,,
 Borracho y Loco ,,
 Frank Reyes,,
 Andy Andy,,
 Henry Santos,,
 Optimo,,
 Luis Vargas,,
 El Chaval,,
 Antony Santos,,
 Liza + Willie,,
 Raulin Rodriguez,,
" Hector Acosta ""El Torito""",,
 Elvis Crespo,,
 Yoskar Sarante,,
